ADDRESS	NAME	NAMESPACE	SIZE	THUNK	EXTERNAL
180001010	FUN_180001010	Global	0x77	false	false
180001090	FUN_180001090	Global	0x152	false	false
1800011f0	FUN_1800011f0	Global	0x221	false	false
180001420	FUN_180001420	Global	0x77	false	false
1800014b0	FUN_1800014b0	Global	0x33	false	false
1800014f0	FUN_1800014f0	Global	0x13	false	false
180001510	FUN_180001510	Global	0x43	false	false
180001580	FUN_180001580	Global	0x21	false	false
1800015b0	FUN_1800015b0	Global	0x1f	false	false
1800015d0	FUN_1800015d0	Global	0x3d	false	false
180001610	FUN_180001610	Global	0x3d	false	false
180001650	FUN_180001650	Global	0x12	false	false
180001670	FUN_180001670	Global	0x21	false	false
1800016a0	FUN_1800016a0	Global	0x1f	false	false
1800016c0	FUN_1800016c0	Global	0x3d	false	false
180001700	FUN_180001700	Global	0x2f	false	false
180001730	FUN_180001730	Global	0x13	false	false
180001750	FUN_180001750	Global	0x61	false	false
1800017c0	FUN_1800017c0	Global	0x5b	false	false
180001820	FUN_180001820	Global	0x78b	false	false
180001fb0	FUN_180001fb0	Global	0x2c	false	false
180001fe0	PostLoad	rage::globalBase	0x53	false	false
180002040	GetGlobalPtr	rage::globalBase	0xb	false	false
180002050	FUN_180002050	Global	0x57	false	false
1800020b0	FUN_1800020b0	Global	0x12c	false	false
1800021e0	FUN_1800021e0	Global	0x18d	false	false
180002370	FUN_180002370	Global	0x7a	false	false
1800023f0	FUN_1800023f0	Global	0x52	false	false
180002450	FUN_180002450	Global	0x1f7	false	false
180002650	FUN_180002650	Global	0xb6	false	false
180002710	FUN_180002710	Global	0x5e	false	false
180002770	FUN_180002770	Global	0x37	false	false
1800027b0	FUN_1800027b0	Global	0x92	false	false
180002850	FUN_180002850	Global	0x34	false	false
180002890	FUN_180002890	Global	0x138	false	false
1800029d0	FUN_1800029d0	Global	0x10c	false	false
180002ae0	FUN_180002ae0	Global	0x1cb	false	false
180002cc0	FUN_180002cc0	Global	0x162	false	false
180002e30	FUN_180002e30	Global	0xfa	false	false
180002f30	FUN_180002f30	Global	0x24	false	false
180002f60	FUN_180002f60	Global	0x24	false	false
180002fb0	FUN_180002fb0	Global	0x179	false	false
180003130	FUN_180003130	Global	0xf	false	false
180003140	FUN_180003140	Global	0x5	false	false
180003150	FUN_180003150	Global	0x8	false	false
180003160	FUN_180003160	Global	0x1f	false	false
180003180	FUN_180003180	Global	0xe	false	false
180003190	FUN_180003190	Global	0x12	false	false
1800031a4	FUN_1800031a4	Global	0xc	false	false
1800031b0	operator=	rage::animAnimatorComponent	0x1d	false	false
1800031d0	operator=	rage::animAnimatorComponent	0x1c0	false	false
180003390	GetCurrentAnimDuration	rage::animAnimatorComponent	0x4	false	false
1800033a0	operator=	rage::hlthHealthComponent	0xa5	false	false
180003450	operator=	rage::hlthHealthComponent	0xb4	false	false
180003510	SetMaxHitPoints	rage::hlthHealthComponent	0x6	false	false
180003520	mvrMoverComponent	rage::mvrMoverComponent	0x22	false	false
180003550	mvrMoverComponent	rage::mvrMoverComponent	0x10e	false	false
180003660	operator=	rage::mvrMoverComponent	0x1d	false	false
180003680	operator=	rage::mvrMoverComponent	0x58d	false	false
180003c10	EnableMoverCollision	rage::mvrMoverComponent	0x3	false	false
180003c20	GetPosition	rage::mvrMoverComponent	0x15	false	false
180003c40	GetRotation	rage::mvrMoverComponent	0x71	false	false
180003cc0	gohObjectManager	rage::gohObjectManager	0xe	false	false
180003cd0	operator=	StaticCallbacksHandler<rage::scrThread>	0x4	false	false
180003ce0	PostLoad	rage::gohObjectManager	0x53	false	false
180003d40	GetObjectFromGuid	rage::gohObjectManager	0x1b	false	false
180003d60	FUN_180003d60	Global	0x8	false	false
180003d70	FUN_180003d70	Global	0x17	false	false
180003d90	FUN_180003d90	Global	0xe	false	false
180003da0	PreLoad	Patches	0x53	false	false
180003e00	FUN_180003e00	Global	0x8	false	false
180003e10	FUN_180003e10	Global	0x22	false	false
180003e40	FUN_180003e40	Global	0xe	false	false
180003e50	PreLoad	rage::ioMouse	0x9c	false	false
180003ef0	DisableCursorAlteration	rage::ioMouse	0xf	false	false
180003f00	UnlockAndShowCursor	rage::ioMouse	0x7	false	false
180003f10	FUN_180003f10	Global	0x8	false	false
180003f20	FUN_180003f20	Global	0xc	false	false
180003f30	FUN_180003f30	Global	0xe	false	false
180003f40	FUN_180003f40	Global	0x8	false	false
180003f50	FUN_180003f50	Global	0x17	false	false
180003f70	FUN_180003f70	Global	0xe	false	false
180003f80	PreLoad	rdr2scripting::game	0x53	false	false
180003fe0	GetGameState	rdr2scripting::game	0x12	false	false
180004000	FUN_180004000	Global	0x8	false	false
180004010	FUN_180004010	Global	0x17	false	false
180004030	FUN_180004030	Global	0xe	false	false
180004040	PreLoad	rage::grcDevice	0x53	false	false
1800040a0	GetFrameCount	rage::grcDevice	0x10	false	false
1800040b0	FUN_1800040b0	Global	0x8	false	false
1800040c0	FUN_1800040c0	Global	0x17	false	false
1800040e0	FUN_1800040e0	Global	0xe	false	false
1800040f0	scrThread	rage::scrThread	0xe	false	false
180004100	PostLoad	rage::ioKeyboard	0x12c	false	false
180004230	KeyDown	rage::ioKeyboard	0x10	false	false
180004240	KeyPressed	rage::ioKeyboard	0x10	false	false
180004250	KeyReleased	rage::ioKeyboard	0x10	false	false
180004260	FUN_180004260	Global	0x31	false	false
1800042a0	FUN_1800042a0	Global	0x31	false	false
1800042e0	FUN_1800042e0	Global	0x31	false	false
180004320	FID_conflict:~vector<CHN*___ptr64,std::allocator<CHN*___ptr64>_>	Global	0x5b	false	false
180004380	FUN_180004380	Global	0x6d	false	false
1800043f0	ClearCallbacks	StaticCallbacksHandler<rage::scrThread>	0xc	false	false
180004400	ExecuteCallback	StaticCallbacksHandler<rage::scrThread>	0x8a	false	false
180004490	RegisterCallback	StaticCallbacksHandler<rage::scrThread>	0x19	false	false
1800044b0	FUN_1800044b0	Global	0x112	false	false
1800045d0	FUN_1800045d0	Global	0xc3	false	false
1800046a0	FUN_1800046a0	Global	0x13d	false	false
1800047e0	FUN_1800047e0	Global	0x1fa	false	false
1800049e0	FUN_1800049e0	Global	0x2ad	false	false
180004c90	FUN_180004c90	Global	0x27f	false	false
180004f10	FUN_180004f10	Global	0x84	false	false
180004fa0	FUN_180004fa0	Global	0x39	false	false
180004fe0	FUN_180004fe0	Global	0xaa	false	false
1800050b0	FUN_1800050b0	Global	0x2a8	false	false
180005360	FUN_180005360	Global	0xe1	false	false
180005450	FUN_180005450	Global	0x8	false	false
180005460	FUN_180005460	Global	0x17	false	false
180005480	FUN_180005480	Global	0xe	false	false
180005490	FUN_180005490	Global	0x8	false	false
1800054a0	FUN_1800054a0	Global	0x17	false	false
1800054c0	FUN_1800054c0	Global	0xe	false	false
1800054d0	FUN_1800054d0	Global	0x8	false	false
1800054e0	FUN_1800054e0	Global	0x17	false	false
180005500	FUN_180005500	Global	0xe	false	false
180005510	FUN_180005510	Global	0x88	false	false
1800055a0	FUN_1800055a0	Global	0x3d	false	false
1800055e0	FUN_1800055e0	Global	0xb	false	false
1800055f0	FUN_1800055f0	Global	0x3f	false	false
180005630	FUN_180005630	Global	0x19	false	false
180005650	FUN_180005650	Global	0x15	false	false
180005670	FUN_180005670	Global	0x152	false	false
1800057d0	FUN_1800057d0	Global	0x43	false	false
180005820	FUN_180005820	Global	0xe8	false	false
180005910	FUN_180005910	Global	0x36	false	false
180005950	FUN_180005950	Global	0x58	false	false
1800059b0	FUN_1800059b0	Global	0x4e	false	false
180005a10	FUN_180005a10	Global	0x8	false	false
180005a20	FUN_180005a20	Global	0x4e	false	false
180005a70	FUN_180005a70	Global	0x21	false	false
180005aa0	FUN_180005aa0	Global	0x8	false	false
180005ab0	FUN_180005ab0	Global	0x97	false	false
180005b50	FUN_180005b50	Global	0x73	false	false
180005bd0	FUN_180005bd0	Global	0x11	false	false
180005bf0	FUN_180005bf0	Global	0x38	false	false
180005c30	FUN_180005c30	Global	0x167	false	false
180005da0	FUN_180005da0	Global	0x10d	false	false
180005eb0	FUN_180005eb0	Global	0x2dd	false	false
180006190	FUN_180006190	Global	0x18e	false	false
180006320	FUN_180006320	Global	0x12d	false	false
180006450	FUN_180006450	Global	0x1d4	false	false
180006630	FUN_180006630	Global	0xf	false	false
180006640	FUN_180006640	Global	0x260	false	false
1800068b0	FUN_1800068b0	Global	0x143	false	false
180006a00	FUN_180006a00	Global	0x121	false	false
180006b30	FUN_180006b30	Global	0x87	false	false
180006bc0	FUN_180006bc0	Global	0x58	false	false
180006c20	FUN_180006c20	Global	0x78	false	false
180006ca0	FUN_180006ca0	Global	0x102	false	false
180006db0	FUN_180006db0	Global	0x1f9	false	false
180006fc0	FUN_180006fc0	Global	0x84	false	false
180007050	FUN_180007050	Global	0x6c	false	false
1800070c0	FUN_1800070c0	Global	0xa9	false	false
180007170	FUN_180007170	Global	0x65	false	false
1800071e0	n_Wait	rage::scrThread	0x5e5	false	false
1800077d0	n_QuitGame	rage::scrThread	0x113	false	false
1800078f0	n_StartNewThreadOverride	rage::scrThread	0x11	false	false
180007910	FUN_180007910	Global	0x5d6	false	false
180007ef0	FUN_180007ef0	Global	0xad	false	false
180007fa0	FUN_180007fa0	Global	0xc9	false	false
180008070	PostLoad	rage::scrThread	0x555	false	false
1800085d0	Unload	rage::scrThread	0x5c	false	false
180008630	IsInitialized	rage::scrThread	0x6c	false	false
1800086a0	RegisterCommand	rage::scrThread	0x17	false	false
1800086c0	OverrideCommand	rage::scrThread	0x74	false	false
180008740	GetCommand	rage::scrThread	0x7e	false	false
1800087c0	QuitGame	rage::scrThread	0x10	false	false
1800087d0	FUN_1800087d0	Global	0x6d	false	false
180008840	FUN_180008840	Global	0x80	false	false
1800088c0	FUN_1800088c0	Global	0x12	false	false
1800088e0	FUN_1800088e0	Global	0x150	false	false
180008a40	FUN_180008a40	Global	0x1ca	false	false
180008c10	FUN_180008c10	Global	0x1ca	false	false
180008de0	FUN_180008de0	Global	0x18a	false	false
180008f70	FUN_180008f70	Global	0x157	false	false
1800090d0	FUN_1800090d0	Global	0x1bf	false	false
1800092a0	FUN_1800092a0	Global	0xb7	false	false
180009360	FUN_180009360	Global	0x146	false	false
1800094b0	FUN_1800094b0	Global	0x1af	false	false
180009670	FUN_180009670	Global	0x182	false	false
180009800	FUN_180009800	Global	0x182	false	false
180009990	FUN_180009990	Global	0x302	false	false
180009ca0	FUN_180009ca0	Global	0x39	false	false
180009ce0	FUN_180009ce0	Global	0x8	false	false
180009cf0	FUN_180009cf0	Global	0xc	false	false
180009d00	FUN_180009d00	Global	0xe	false	false
180009d10	FUN_180009d10	Global	0x8	false	false
180009d20	FUN_180009d20	Global	0xc	false	false
180009d30	FUN_180009d30	Global	0xe	false	false
180009d40	FUN_180009d40	Global	0x8	false	false
180009d50	FUN_180009d50	Global	0x17	false	false
180009d70	FUN_180009d70	Global	0xe	false	false
180009d80	FUN_180009d80	Global	0x8	false	false
180009d90	FUN_180009d90	Global	0x17	false	false
180009db0	FUN_180009db0	Global	0xe	false	false
180009dc0	FUN_180009dc0	Global	0x8	false	false
180009dd0	FUN_180009dd0	Global	0x1f	false	false
180009df0	FUN_180009df0	Global	0xe	false	false
180009e00	FUN_180009e00	Global	0x8	false	false
180009e10	FUN_180009e10	Global	0x17	false	false
180009e30	FUN_180009e30	Global	0xe	false	false
180009e40	FUN_180009e40	Global	0x8	false	false
180009e50	FUN_180009e50	Global	0xc	false	false
180009e60	FUN_180009e60	Global	0xe	false	false
180009e90	FUN_180009e90	Global	0x2a8	false	false
18000a140	FUN_18000a140	Global	0x150	false	false
18000a2a0	FUN_18000a2a0	Global	0x15f	false	false
18000a410	FUN_18000a410	Global	0xe1	false	false
18000a500	sagActor	rage::sagActor	0xe	false	false
18000a510	sagActor	rage::sagActor	0x16e	false	false
18000a680	operator=	rage::sagActor	0xf9e	false	false
18000b620	sagActorManager	rage::sagActorManager	0xe	false	false
18000b630	PostLoad	rage::sagActorManager	0x53	false	false
18000b690	GetActor	rage::sagActorManager	0x1b	false	false
18000b6b0	FUN_18000b6b0	Global	0x8	false	false
18000b6c0	FUN_18000b6c0	Global	0x17	false	false
18000b6e0	FUN_18000b6e0	Global	0xe	false	false
18000b6f0	PreLoad	rage::UIInput	0x53	false	false
18000b750	DisableAllInputs	rage::UIInput	0x74	false	false
18000b7d0	FUN_18000b7d0	Global	0x8	false	false
18000b7e0	FUN_18000b7e0	Global	0xf	false	false
18000b7f0	FUN_18000b7f0	Global	0xe	false	false
18000b800	operator=	rage::sagPlayer	0x1d	false	false
18000b820	operator=	rage::sagPlayer	0x5f1	false	false
18000be20	GetPlayerGuid	rage::sagPlayer	0x7	false	false
18000be30	GetPlayerActor	rage::sagPlayer	0x1f	false	false
18000be50	MaybeGetCurrentWeapon	rage::sagPlayer	0x8	false	false
18000be60	DisablePlayerControl	rage::sagPlayer	0x20	false	false
18000be80	sagPlayerMgr	rage::sagPlayerMgr	0xe	false	false
18000be90	PostLoad	rage::sagPlayerMgr	0x53	false	false
18000bef0	GetLocalPlayer	rage::sagPlayerMgr	0x11	false	false
18000bf10	FUN_18000bf10	Global	0x8	false	false
18000bf20	FUN_18000bf20	Global	0x17	false	false
18000bf40	FUN_18000bf40	Global	0xe	false	false
18000bf50	GetGohObject	rage::sagActor	0x1f	false	false
18000bf70	IsAlive	rage::sagActor	0x1c	false	false
18000bf90	IsDrunk	rage::sagActor	0x18	false	false
18000bfb0	FUN_18000bfb0	Global	0xa3	false	false
18000c060	PostLoad	rage::UIStringTable	0xd7	false	false
18000c140	FUN_18000c140	Global	0x61	false	false
18000c1b0	FUN_18000c1b0	Global	0x7c	false	false
18000c230	FUN_18000c230	Global	0x8b	false	false
18000c2c0	FUN_18000c2c0	Global	0x170	false	false
18000c430	FUN_18000c430	Global	0x61	false	false
18000c490	FUN_18000c490	Global	0x1e0	false	false
18000c680	FUN_18000c680	Global	0xbf	false	false
18000c740	FUN_18000c740	Global	0x266	false	false
18000c9b0	FUN_18000c9b0	Global	0x286	false	false
18000cc60	FUN_18000cc60	Global	0xaa	false	false
18000cd10	FUN_18000cd10	Global	0x1dd	false	false
18000cef0	FUN_18000cef0	Global	0x8	false	false
18000cf00	FUN_18000cf00	Global	0x70	false	false
18000cf70	FUN_18000cf70	Global	0xe	false	false
18000cf80	FUN_18000cf80	Global	0x8	false	false
18000cf90	FUN_18000cf90	Global	0x70	false	false
18000d000	FUN_18000d000	Global	0xe	false	false
18000d010	FUN_18000d010	Global	0xa4	false	false
18000d0b4	FUN_18000d0b4	Global	0xa4	false	false
18000d158	FUN_18000d158	Global	0xbd	false	false
18000d218	FUN_18000d218	Global	0xde	false	false
18000d2f8	FUN_18000d2f8	Global	0x111	false	false
18000d40c	FUN_18000d40c	Global	0x3d	false	false
18000d44c	FUN_18000d44c	Global	0x2f4	false	false
18000d740	FUN_18000d740	Global	0x1a0	false	false
18000d8e0	FUN_18000d8e0	Global	0x7	false	false
18000d8e8	FUN_18000d8e8	Global	0xa	false	false
18000d8f4	FUN_18000d8f4	Global	0x5b	false	false
18000d950	FUN_18000d950	Global	0xd6	false	false
18000da28	FUN_18000da28	Global	0x76	false	false
18000daa0	FUN_18000daa0	Global	0x24	false	false
18000dac4	FUN_18000dac4	Global	0x68	false	false
18000db2c	FUN_18000db2c	Global	0x200	false	false
18000dd2c	FUN_18000dd2c	Global	0x3	false	false
18000dd30	FUN_18000dd30	Global	0x34	false	false
18000dd64	FUN_18000dd64	Global	0x362	false	false
18000e0c8	FUN_18000e0c8	Global	0x3c	false	false
18000e104	FUN_18000e104	Global	0x65b	false	false
18000e75f	CreateToolhelp32Snapshot	KERNEL32.DLL	0x6	true	false
18000e765	Thread32First	KERNEL32.DLL	0x6	true	false
18000e76b	Thread32Next	KERNEL32.DLL	0x6	true	false
18000e777	_Xbad_alloc	MSVCP140.DLL::std	0x6	true	false
18000e780	FUN_18000e780	Global	0x3c	false	false
18000e7c3	_Lock	MSVCP140.DLL::std::basic_streambuf<char,std::char_traits<char>_>	0x6	true	false
18000e7c9	_Unlock	MSVCP140.DLL::std::basic_streambuf<char,std::char_traits<char>_>	0x6	true	false
18000e7cf	showmanyc	MSVCP140.DLL::std::basic_streambuf<char,std::char_traits<char>_>	0x6	true	false
18000e7d5	uflow	MSVCP140.DLL::std::basic_streambuf<char,std::char_traits<char>_>	0x6	true	false
18000e7db	xsgetn	MSVCP140.DLL::std::basic_streambuf<char,std::char_traits<char>_>	0x6	true	false
18000e7e1	xsputn	MSVCP140.DLL::std::basic_streambuf<char,std::char_traits<char>_>	0x6	true	false
18000e7e7	setbuf	MSVCP140.DLL::std::basic_streambuf<char,std::char_traits<char>_>	0x6	true	false
18000e7ed	sync	MSVCP140.DLL::std::basic_streambuf<char,std::char_traits<char>_>	0x6	true	false
18000e7f3	imbue	MSVCP140.DLL::std::basic_streambuf<char,std::char_traits<char>_>	0x6	true	false
18000e7fc	FUN_18000e7fc	Global	0x96	false	false
18000e894	LocalFree	KERNEL32.DLL	0x7	true	false
18000e89c	FUN_18000e89c	Global	0x27	false	false
18000e8c4	__std_fs_convert_narrow_to_wide	Global	0x45	false	false
18000e90c	__std_fs_convert_wide_to_narrow	Global	0x121	false	false
18000ea30	FUN_18000ea30	Global	0xcb	false	false
18000eafc	FUN_18000eafc	Global	0x322	false	false
18000ee24	__std_fs_open_handle	Global	0x57	false	false
18000ee90	__security_check_cookie	Global	0x1e	false	false
18000eeb0	FUN_18000eeb0	Global	0x3a	false	false
18000eeec	__scrt_acquire_startup_lock	Global	0x39	false	false
18000ef28	__scrt_dllmain_after_initialize_c	Global	0x34	false	false
18000ef5c	FUN_18000ef5c	Global	0x15	false	false
18000ef74	FUN_18000ef74	Global	0x28	false	false
18000ef9c	FUN_18000ef9c	Global	0x15	false	false
18000efb4	__scrt_dllmain_exception_filter	Global	0x60	false	false
18000f014	__scrt_dllmain_uninitialize_c	Global	0x30	false	false
18000f044	FUN_18000f044	Global	0x14	false	false
18000f058	FUN_18000f058	Global	0x3a	false	false
18000f094	FUN_18000f094	Global	0x8a	false	false
18000f120	FUN_18000f120	Global	0x96	false	false
18000f1b8	__scrt_release_startup_lock	Global	0x24	false	false
18000f1dc	__scrt_uninitialize_crt	Global	0x29	false	false
18000f208	_onexit	Global	0x3a	false	false
18000f244	atexit	Global	0x17	false	false
18000f264	FUN_18000f264	Global	0x5	false	false
18000f26c	FUN_18000f26c	Global	0x2b	false	false
18000f298	FUN_18000f298	Global	0x39	false	false
18000f2d4	_Init_thread_footer	Global	0x69	false	false
18000f340	FUN_18000f340	Global	0x78	false	false
18000f3b8	`eh_vector_destructor_iterator'	Global	0x6b	false	false
18000f424	__ArrayUnwind	Global	0x61	false	false
18000f488	FUN_18000f488	Global	0x50	false	false
18000f4d8	FUN_18000f4d8	Global	0x114	false	false
18000f5f0	FUN_18000f5f0	Global	0x7d	false	false
18000f670	FUN_18000f670	Global	0x122	false	false
18000f798	entry	Global	0x3d	false	false
18000f7d8	__GSHandlerCheck	Global	0x1d	false	false
18000f7f8	__GSHandlerCheckCommon	Global	0x5b	false	false
18000f854	__raise_securityfailure	Global	0x34	false	false
18000f888	FUN_18000f888	Global	0xd3	false	false
18000f95c	capture_previous_context	Global	0x71	false	false
18000f9d0	FUN_18000f9d0	Global	0x1e	false	false
18000f9f0	FUN_18000f9f0	Global	0x1f	false	false
18000fa10	FUN_18000fa10	Global	0x2ca	false	false
18000fcdc	FUN_18000fcdc	Global	0x6	false	false
18000fce4	__scrt_is_ucrt_dll_in_use	Global	0xc	false	false
18000fcf0	FUN_18000fcf0	Global	0x8	false	false
18000fcf8	FUN_18000fcf8	Global	0x148	false	false
18000fe40	__security_init_cookie	Global	0xac	false	false
18000feec	FUN_18000feec	Global	0x23	false	false
18000ff10	FUN_18000ff10	Global	0xe	false	false
18000ff20	FUN_18000ff20	Global	0xc	false	false
18000ff2c	FUN_18000ff2c	Global	0x8	false	false
18000ff34	FUN_18000ff34	Global	0x8	false	false
18000ff3c	FUN_18000ff3c	Global	0x1b	false	false
18000ff58	FUN_18000ff58	Global	0x8	false	false
18000ff60	FUN_18000ff60	Global	0x3c	false	false
18000ff9c	FUN_18000ff9c	Global	0x3c	false	false
18000ffe0	__CxxFrameHandler4	VCRUNTIME140_1.DLL	0x6	true	false
18000ffec	_purecall	VCRUNTIME140.DLL	0x6	true	false
18000fff8	__current_exception	VCRUNTIME140.DLL	0x6	true	false
18000fffe	__current_exception_context	VCRUNTIME140.DLL	0x6	true	false
180010004	_CxxThrowException	VCRUNTIME140.DLL	0x6	true	false
18001000a	memset	VCRUNTIME140.DLL	0x6	true	false
180010010	__std_type_info_destroy_list	VCRUNTIME140.DLL	0x6	true	false
180010016	free	API-MS-WIN-CRT-HEAP-L1-1-0.DLL	0x6	true	false
18001001c	malloc	API-MS-WIN-CRT-HEAP-L1-1-0.DLL	0x6	true	false
180010022	_callnewh	API-MS-WIN-CRT-HEAP-L1-1-0.DLL	0x6	true	false
180010028	_seh_filter_dll	API-MS-WIN-CRT-RUNTIME-L1-1-0.DLL	0x6	true	false
18001002e	_configure_narrow_argv	API-MS-WIN-CRT-RUNTIME-L1-1-0.DLL	0x6	true	false
180010034	_initialize_narrow_environment	API-MS-WIN-CRT-RUNTIME-L1-1-0.DLL	0x6	true	false
18001003a	_initialize_onexit_table	API-MS-WIN-CRT-RUNTIME-L1-1-0.DLL	0x6	true	false
180010040	_register_onexit_function	API-MS-WIN-CRT-RUNTIME-L1-1-0.DLL	0x6	true	false
180010046	_execute_onexit_table	API-MS-WIN-CRT-RUNTIME-L1-1-0.DLL	0x6	true	false
18001004c	_crt_atexit	API-MS-WIN-CRT-RUNTIME-L1-1-0.DLL	0x6	true	false
180010052	_cexit	API-MS-WIN-CRT-RUNTIME-L1-1-0.DLL	0x6	true	false
180010058	terminate	API-MS-WIN-CRT-RUNTIME-L1-1-0.DLL	0x6	true	false
18001005e	_initterm	API-MS-WIN-CRT-RUNTIME-L1-1-0.DLL	0x6	true	false
180010064	_initterm_e	API-MS-WIN-CRT-RUNTIME-L1-1-0.DLL	0x6	true	false
18001006c	FUN_18001006c	Global	0x3	false	false
180010070	FUN_180010070	Global	0x3	false	false
180010074	FID_conflict:__GSHandlerCheck_EH	Global	0x7f	false	false
1800100f3	memchr	VCRUNTIME140.DLL	0x6	true	false
1800100f9	memcmp	VCRUNTIME140.DLL	0x6	true	false
1800100ff	memcpy	VCRUNTIME140.DLL	0x6	true	false
180010105	memmove	VCRUNTIME140.DLL	0x6	true	false
18001010b	atan2f	API-MS-WIN-CRT-MATH-L1-1-0.DLL	0x6	true	false
180010111	ceilf	API-MS-WIN-CRT-MATH-L1-1-0.DLL	0x6	true	false
180010130	_guard_dispatch_icall	Global	0x2	false	false
180010150	_guard_dispatch_icall	Global	0x6	true	false
180010184	FUN_180010184	Global	0x31	false	false
1800101ed	FUN_1800101ed	Global	0x31	false	false
180010294	FUN_180010294	Global	0x3a	false	false
180010370	FUN_180010370	Global	0x26	false	false
1800103a0	FUN_1800103a0	Global	0x26	false	false
1800103c6	FUN_1800103c6	Global	0x26	false	false
180010430	FUN_180010430	Global	0x26	false	false
1800104b0	FUN_1800104b0	Global	0x26	false	false
18001050c	FUN_18001050c	Global	0x2a	false	false
1800105a4	FUN_1800105a4	Global	0x2a	false	false
1800106a0	FUN_1800106a0	Global	0x26	false	false
180010768	FUN_180010768	Global	0x17	false	false
180010780	FUN_180010780	Global	0x2b	false	false
1800107ac	FUN_1800107ac	Global	0x5d	false	false
18001080b	FUN_18001080b	Global	0x16	false	false
180010822	FUN_180010822	Global	0x18	false	false
18001083b	FUN_18001083b	Global	0x13	false	false
18001084f	FUN_18001084f	Global	0x35	false	false
180010890	FUN_180010890	Global	0x33	false	false
1800108d0	FUN_1800108d0	Global	0x70	false	false
180010950	FUN_180010950	Global	0x78	false	false
1800109d0	FUN_1800109d0	Global	0x70	false	false
180010a5c	FUN_180010a5c	Global	0x57	false	false
