name	address	entry_rva	body_size	is_thunk
"FUN_180001010"	180001010	0x1010	119	false
"FUN_180001090"	180001090	0x1090	338	false
"FUN_1800011f0"	1800011f0	0x11f0	545	false
"FUN_180001420"	180001420	0x1420	119	false
"FUN_1800014b0"	1800014b0	0x14b0	51	false
"FUN_1800014f0"	1800014f0	0x14f0	19	false
"FUN_180001510"	180001510	0x1510	67	false
"FUN_180001580"	180001580	0x1580	33	false
"FUN_1800015b0"	1800015b0	0x15b0	31	false
"FUN_1800015d0"	1800015d0	0x15d0	61	false
"FUN_180001610"	180001610	0x1610	61	false
"FUN_180001650"	180001650	0x1650	18	false
"FUN_180001670"	180001670	0x1670	33	false
"FUN_1800016a0"	1800016a0	0x16a0	31	false
"FUN_1800016c0"	1800016c0	0x16c0	61	false
"FUN_180001700"	180001700	0x1700	47	false
"FUN_180001730"	180001730	0x1730	19	false
"FUN_180001750"	180001750	0x1750	97	false
"FUN_1800017c0"	1800017c0	0x17c0	91	false
"FUN_180001820"	180001820	0x1820	1931	false
"FUN_180001fb0"	180001fb0	0x1fb0	44	false
"PostLoad"	180001fe0	0x1fe0	83	false
"GetGlobalPtr"	180002040	0x2040	11	false
"FUN_180002050"	180002050	0x2050	87	false
"FUN_1800020b0"	1800020b0	0x20b0	300	false
"FUN_1800021e0"	1800021e0	0x21e0	397	false
"FUN_180002370"	180002370	0x2370	122	false
"FUN_1800023f0"	1800023f0	0x23f0	82	false
"FUN_180002450"	180002450	0x2450	503	false
"FUN_180002650"	180002650	0x2650	182	false
"FUN_180002710"	180002710	0x2710	94	false
"FUN_180002770"	180002770	0x2770	55	false
"FUN_1800027b0"	1800027b0	0x27b0	146	false
"FUN_180002850"	180002850	0x2850	52	false
"FUN_180002890"	180002890	0x2890	312	false
"FUN_1800029d0"	1800029d0	0x29d0	268	false
"FUN_180002ae0"	180002ae0	0x2ae0	459	false
"FUN_180002cc0"	180002cc0	0x2cc0	354	false
"FUN_180002e30"	180002e30	0x2e30	250	false
"FUN_180002f30"	180002f30	0x2f30	36	false
"FUN_180002f60"	180002f60	0x2f60	36	false
"FUN_180002fb0"	180002fb0	0x2fb0	377	false
"FUN_180003130"	180003130	0x3130	15	false
"FUN_180003140"	180003140	0x3140	5	false
"FUN_180003150"	180003150	0x3150	8	false
"FUN_180003160"	180003160	0x3160	31	false
"FUN_180003180"	180003180	0x3180	14	false
"FUN_180003190"	180003190	0x3190	18	false
"FUN_1800031a4"	1800031a4	0x31a4	12	false
"operator="	1800031b0	0x31b0	29	false
"operator="	1800031d0	0x31d0	448	false
"GetCurrentAnimDuration"	180003390	0x3390	4	false
"operator="	1800033a0	0x33a0	165	false
"operator="	180003450	0x3450	180	false
"SetMaxHitPoints"	180003510	0x3510	6	false
"mvrMoverComponent"	180003520	0x3520	34	false
"mvrMoverComponent"	180003550	0x3550	270	false
"operator="	180003660	0x3660	29	false
"operator="	180003680	0x3680	1421	false
"EnableMoverCollision"	180003c10	0x3c10	3	false
"GetPosition"	180003c20	0x3c20	21	false
"GetRotation"	180003c40	0x3c40	113	false
"gohObjectManager"	180003cc0	0x3cc0	14	false
"operator="	180003cd0	0x3cd0	4	false
"PostLoad"	180003ce0	0x3ce0	83	false
"GetObjectFromGuid"	180003d40	0x3d40	27	false
"FUN_180003d60"	180003d60	0x3d60	8	false
"FUN_180003d70"	180003d70	0x3d70	23	false
"FUN_180003d90"	180003d90	0x3d90	14	false
"PreLoad"	180003da0	0x3da0	83	false
"FUN_180003e00"	180003e00	0x3e00	8	false
"FUN_180003e10"	180003e10	0x3e10	34	false
"FUN_180003e40"	180003e40	0x3e40	14	false
"PreLoad"	180003e50	0x3e50	156	false
"DisableCursorAlteration"	180003ef0	0x3ef0	15	false
"UnlockAndShowCursor"	180003f00	0x3f00	7	false
"FUN_180003f10"	180003f10	0x3f10	8	false
"FUN_180003f20"	180003f20	0x3f20	12	false
"FUN_180003f30"	180003f30	0x3f30	14	false
"FUN_180003f40"	180003f40	0x3f40	8	false
"FUN_180003f50"	180003f50	0x3f50	23	false
"FUN_180003f70"	180003f70	0x3f70	14	false
"PreLoad"	180003f80	0x3f80	83	false
"GetGameState"	180003fe0	0x3fe0	18	false
"FUN_180004000"	180004000	0x4000	8	false
"FUN_180004010"	180004010	0x4010	23	false
"FUN_180004030"	180004030	0x4030	14	false
"PreLoad"	180004040	0x4040	83	false
"GetFrameCount"	1800040a0	0x40a0	16	false
"FUN_1800040b0"	1800040b0	0x40b0	8	false
"FUN_1800040c0"	1800040c0	0x40c0	23	false
"FUN_1800040e0"	1800040e0	0x40e0	14	false
"scrThread"	1800040f0	0x40f0	14	false
"PostLoad"	180004100	0x4100	300	false
"KeyDown"	180004230	0x4230	16	false
"KeyPressed"	180004240	0x4240	16	false
"KeyReleased"	180004250	0x4250	16	false
"FUN_180004260"	180004260	0x4260	49	false
"FUN_1800042a0"	1800042a0	0x42a0	49	false
"FUN_1800042e0"	1800042e0	0x42e0	49	false
"FID_conflict:~vector<CHN*___ptr64,std::allocator<CHN*___ptr64>_>"	180004320	0x4320	91	false
"FUN_180004380"	180004380	0x4380	109	false
"ClearCallbacks"	1800043f0	0x43f0	12	false
"ExecuteCallback"	180004400	0x4400	138	false
"RegisterCallback"	180004490	0x4490	25	false
"FUN_1800044b0"	1800044b0	0x44b0	274	false
"FUN_1800045d0"	1800045d0	0x45d0	195	false
"FUN_1800046a0"	1800046a0	0x46a0	317	false
"FUN_1800047e0"	1800047e0	0x47e0	506	false
"FUN_1800049e0"	1800049e0	0x49e0	685	false
"FUN_180004c90"	180004c90	0x4c90	639	false
"FUN_180004f10"	180004f10	0x4f10	132	false
"FUN_180004fa0"	180004fa0	0x4fa0	57	false
"FUN_180004fe0"	180004fe0	0x4fe0	170	false
"FUN_1800050b0"	1800050b0	0x50b0	680	false
"FUN_180005360"	180005360	0x5360	225	false
"FUN_180005450"	180005450	0x5450	8	false
"FUN_180005460"	180005460	0x5460	23	false
"FUN_180005480"	180005480	0x5480	14	false
"FUN_180005490"	180005490	0x5490	8	false
"FUN_1800054a0"	1800054a0	0x54a0	23	false
"FUN_1800054c0"	1800054c0	0x54c0	14	false
"FUN_1800054d0"	1800054d0	0x54d0	8	false
"FUN_1800054e0"	1800054e0	0x54e0	23	false
"FUN_180005500"	180005500	0x5500	14	false
"FUN_180005510"	180005510	0x5510	136	false
"FUN_1800055a0"	1800055a0	0x55a0	61	false
"FUN_1800055e0"	1800055e0	0x55e0	11	false
"FUN_1800055f0"	1800055f0	0x55f0	63	false
"FUN_180005630"	180005630	0x5630	25	false
"FUN_180005650"	180005650	0x5650	21	false
"FUN_180005670"	180005670	0x5670	338	false
"FUN_1800057d0"	1800057d0	0x57d0	67	false
"FUN_180005820"	180005820	0x5820	232	false
"FUN_180005910"	180005910	0x5910	54	false
"FUN_180005950"	180005950	0x5950	88	false
"FUN_1800059b0"	1800059b0	0x59b0	78	false
"FUN_180005a10"	180005a10	0x5a10	8	false
"FUN_180005a20"	180005a20	0x5a20	78	false
"FUN_180005a70"	180005a70	0x5a70	33	false
"FUN_180005aa0"	180005aa0	0x5aa0	8	false
"FUN_180005ab0"	180005ab0	0x5ab0	151	false
"FUN_180005b50"	180005b50	0x5b50	115	false
"FUN_180005bd0"	180005bd0	0x5bd0	17	false
"FUN_180005bf0"	180005bf0	0x5bf0	56	false
"FUN_180005c30"	180005c30	0x5c30	359	false
"FUN_180005da0"	180005da0	0x5da0	269	false
"FUN_180005eb0"	180005eb0	0x5eb0	733	false
"FUN_180006190"	180006190	0x6190	398	false
"FUN_180006320"	180006320	0x6320	301	false
"FUN_180006450"	180006450	0x6450	468	false
"FUN_180006630"	180006630	0x6630	15	false
"FUN_180006640"	180006640	0x6640	608	false
"FUN_1800068b0"	1800068b0	0x68b0	323	false
"FUN_180006a00"	180006a00	0x6a00	289	false
"FUN_180006b30"	180006b30	0x6b30	135	false
"FUN_180006bc0"	180006bc0	0x6bc0	88	false
"FUN_180006c20"	180006c20	0x6c20	120	false
"FUN_180006ca0"	180006ca0	0x6ca0	258	false
"FUN_180006db0"	180006db0	0x6db0	505	false
"FUN_180006fc0"	180006fc0	0x6fc0	132	false
"FUN_180007050"	180007050	0x7050	108	false
"FUN_1800070c0"	1800070c0	0x70c0	169	false
"FUN_180007170"	180007170	0x7170	101	false
"n_Wait"	1800071e0	0x71e0	1509	false
"n_QuitGame"	1800077d0	0x77d0	275	false
"n_StartNewThreadOverride"	1800078f0	0x78f0	17	false
"FUN_180007910"	180007910	0x7910	1494	false
"FUN_180007ef0"	180007ef0	0x7ef0	173	false
"FUN_180007fa0"	180007fa0	0x7fa0	201	false
"PostLoad"	180008070	0x8070	1365	false
"Unload"	1800085d0	0x85d0	92	false
"IsInitialized"	180008630	0x8630	108	false
"RegisterCommand"	1800086a0	0x86a0	23	false
"OverrideCommand"	1800086c0	0x86c0	116	false
"GetCommand"	180008740	0x8740	126	false
"QuitGame"	1800087c0	0x87c0	16	false
"FUN_1800087d0"	1800087d0	0x87d0	109	false
"FUN_180008840"	180008840	0x8840	128	false
"FUN_1800088c0"	1800088c0	0x88c0	18	false
"FUN_1800088e0"	1800088e0	0x88e0	336	false
"FUN_180008a40"	180008a40	0x8a40	458	false
"FUN_180008c10"	180008c10	0x8c10	458	false
"FUN_180008de0"	180008de0	0x8de0	394	false
"FUN_180008f70"	180008f70	0x8f70	343	false
"FUN_1800090d0"	1800090d0	0x90d0	447	false
"FUN_1800092a0"	1800092a0	0x92a0	183	false
"FUN_180009360"	180009360	0x9360	326	false
"FUN_1800094b0"	1800094b0	0x94b0	431	false
"FUN_180009670"	180009670	0x9670	386	false
"FUN_180009800"	180009800	0x9800	386	false
"FUN_180009990"	180009990	0x9990	770	false
"FUN_180009ca0"	180009ca0	0x9ca0	57	false
"FUN_180009ce0"	180009ce0	0x9ce0	8	false
"FUN_180009cf0"	180009cf0	0x9cf0	12	false
"FUN_180009d00"	180009d00	0x9d00	14	false
"FUN_180009d10"	180009d10	0x9d10	8	false
"FUN_180009d20"	180009d20	0x9d20	12	false
"FUN_180009d30"	180009d30	0x9d30	14	false
"FUN_180009d40"	180009d40	0x9d40	8	false
"FUN_180009d50"	180009d50	0x9d50	23	false
"FUN_180009d70"	180009d70	0x9d70	14	false
"FUN_180009d80"	180009d80	0x9d80	8	false
"FUN_180009d90"	180009d90	0x9d90	23	false
"FUN_180009db0"	180009db0	0x9db0	14	false
"FUN_180009dc0"	180009dc0	0x9dc0	8	false
"FUN_180009dd0"	180009dd0	0x9dd0	31	false
"FUN_180009df0"	180009df0	0x9df0	14	false
"FUN_180009e00"	180009e00	0x9e00	8	false
"FUN_180009e10"	180009e10	0x9e10	23	false
"FUN_180009e30"	180009e30	0x9e30	14	false
"FUN_180009e40"	180009e40	0x9e40	8	false
"FUN_180009e50"	180009e50	0x9e50	12	false
"FUN_180009e60"	180009e60	0x9e60	14	false
"FUN_180009e90"	180009e90	0x9e90	680	false
"FUN_18000a140"	18000a140	0xa140	336	false
"FUN_18000a2a0"	18000a2a0	0xa2a0	351	false
"FUN_18000a410"	18000a410	0xa410	225	false
"sagActor"	18000a500	0xa500	14	false
"sagActor"	18000a510	0xa510	366	false
"operator="	18000a680	0xa680	3998	false
"sagActorManager"	18000b620	0xb620	14	false
"PostLoad"	18000b630	0xb630	83	false
"GetActor"	18000b690	0xb690	27	false
"FUN_18000b6b0"	18000b6b0	0xb6b0	8	false
"FUN_18000b6c0"	18000b6c0	0xb6c0	23	false
"FUN_18000b6e0"	18000b6e0	0xb6e0	14	false
"PreLoad"	18000b6f0	0xb6f0	83	false
"DisableAllInputs"	18000b750	0xb750	116	false
"FUN_18000b7d0"	18000b7d0	0xb7d0	8	false
"FUN_18000b7e0"	18000b7e0	0xb7e0	15	false
"FUN_18000b7f0"	18000b7f0	0xb7f0	14	false
"operator="	18000b800	0xb800	29	false
"operator="	18000b820	0xb820	1521	false
"GetPlayerGuid"	18000be20	0xbe20	7	false
"GetPlayerActor"	18000be30	0xbe30	31	false
"MaybeGetCurrentWeapon"	18000be50	0xbe50	8	false
"DisablePlayerControl"	18000be60	0xbe60	32	false
"sagPlayerMgr"	18000be80	0xbe80	14	false
"PostLoad"	18000be90	0xbe90	83	false
"GetLocalPlayer"	18000bef0	0xbef0	17	false
"FUN_18000bf10"	18000bf10	0xbf10	8	false
"FUN_18000bf20"	18000bf20	0xbf20	23	false
"FUN_18000bf40"	18000bf40	0xbf40	14	false
"GetGohObject"	18000bf50	0xbf50	31	false
"IsAlive"	18000bf70	0xbf70	28	false
"IsDrunk"	18000bf90	0xbf90	24	false
"FUN_18000bfb0"	18000bfb0	0xbfb0	163	false
"PostLoad"	18000c060	0xc060	215	false
"FUN_18000c140"	18000c140	0xc140	97	false
"FUN_18000c1b0"	18000c1b0	0xc1b0	124	false
"FUN_18000c230"	18000c230	0xc230	139	false
"FUN_18000c2c0"	18000c2c0	0xc2c0	368	false
"FUN_18000c430"	18000c430	0xc430	97	false
"FUN_18000c490"	18000c490	0xc490	480	false
"FUN_18000c680"	18000c680	0xc680	191	false
"FUN_18000c740"	18000c740	0xc740	614	false
"FUN_18000c9b0"	18000c9b0	0xc9b0	646	false
"FUN_18000cc60"	18000cc60	0xcc60	170	false
"FUN_18000cd10"	18000cd10	0xcd10	477	false
"FUN_18000cef0"	18000cef0	0xcef0	8	false
"FUN_18000cf00"	18000cf00	0xcf00	112	false
"FUN_18000cf70"	18000cf70	0xcf70	14	false
"FUN_18000cf80"	18000cf80	0xcf80	8	false
"FUN_18000cf90"	18000cf90	0xcf90	112	false
"FUN_18000d000"	18000d000	0xd000	14	false
"FUN_18000d010"	18000d010	0xd010	164	false
"FUN_18000d0b4"	18000d0b4	0xd0b4	164	false
"FUN_18000d158"	18000d158	0xd158	189	false
"FUN_18000d218"	18000d218	0xd218	222	false
"FUN_18000d2f8"	18000d2f8	0xd2f8	273	false
"FUN_18000d40c"	18000d40c	0xd40c	61	false
"FUN_18000d44c"	18000d44c	0xd44c	756	false
"FUN_18000d740"	18000d740	0xd740	416	false
"FUN_18000d8e0"	18000d8e0	0xd8e0	7	false
"FUN_18000d8e8"	18000d8e8	0xd8e8	10	false
"FUN_18000d8f4"	18000d8f4	0xd8f4	91	false
"FUN_18000d950"	18000d950	0xd950	214	false
"FUN_18000da28"	18000da28	0xda28	118	false
"FUN_18000daa0"	18000daa0	0xdaa0	36	false
"FUN_18000dac4"	18000dac4	0xdac4	104	false
"FUN_18000db2c"	18000db2c	0xdb2c	512	false
"FUN_18000dd2c"	18000dd2c	0xdd2c	3	false
"FUN_18000dd30"	18000dd30	0xdd30	52	false
"FUN_18000dd64"	18000dd64	0xdd64	866	false
"FUN_18000e0c8"	18000e0c8	0xe0c8	60	false
"FUN_18000e104"	18000e104	0xe104	1627	false
"CreateToolhelp32Snapshot"	18000e75f	0xe75f	6	true
"Thread32First"	18000e765	0xe765	6	true
"Thread32Next"	18000e76b	0xe76b	6	true
"_Xbad_alloc"	18000e777	0xe777	6	true
"FUN_18000e780"	18000e780	0xe780	60	false
"_Lock"	18000e7c3	0xe7c3	6	true
"_Unlock"	18000e7c9	0xe7c9	6	true
"showmanyc"	18000e7cf	0xe7cf	6	true
"uflow"	18000e7d5	0xe7d5	6	true
"xsgetn"	18000e7db	0xe7db	6	true
"xsputn"	18000e7e1	0xe7e1	6	true
"setbuf"	18000e7e7	0xe7e7	6	true
"sync"	18000e7ed	0xe7ed	6	true
"imbue"	18000e7f3	0xe7f3	6	true
"FUN_18000e7fc"	18000e7fc	0xe7fc	150	false
"LocalFree"	18000e894	0xe894	7	true
"FUN_18000e89c"	18000e89c	0xe89c	39	false
"__std_fs_convert_narrow_to_wide"	18000e8c4	0xe8c4	69	false
"__std_fs_convert_wide_to_narrow"	18000e90c	0xe90c	289	false
"FUN_18000ea30"	18000ea30	0xea30	203	false
"FUN_18000eafc"	18000eafc	0xeafc	802	false
"__std_fs_open_handle"	18000ee24	0xee24	87	false
"__security_check_cookie"	18000ee90	0xee90	30	false
"FUN_18000eeb0"	18000eeb0	0xeeb0	58	false
"__scrt_acquire_startup_lock"	18000eeec	0xeeec	57	false
"__scrt_dllmain_after_initialize_c"	18000ef28	0xef28	52	false
"FUN_18000ef5c"	18000ef5c	0xef5c	21	false
"FUN_18000ef74"	18000ef74	0xef74	40	false
"FUN_18000ef9c"	18000ef9c	0xef9c	21	false
"__scrt_dllmain_exception_filter"	18000efb4	0xefb4	96	false
"__scrt_dllmain_uninitialize_c"	18000f014	0xf014	48	false
"FUN_18000f044"	18000f044	0xf044	20	false
"FUN_18000f058"	18000f058	0xf058	58	false
"FUN_18000f094"	18000f094	0xf094	138	false
"FUN_18000f120"	18000f120	0xf120	150	false
"__scrt_release_startup_lock"	18000f1b8	0xf1b8	36	false
"__scrt_uninitialize_crt"	18000f1dc	0xf1dc	41	false
"_onexit"	18000f208	0xf208	58	false
"atexit"	18000f244	0xf244	23	false
"FUN_18000f264"	18000f264	0xf264	5	false
"FUN_18000f26c"	18000f26c	0xf26c	43	false
"FUN_18000f298"	18000f298	0xf298	57	false
"_Init_thread_footer"	18000f2d4	0xf2d4	105	false
"FUN_18000f340"	18000f340	0xf340	120	false
"`eh_vector_destructor_iterator'"	18000f3b8	0xf3b8	107	false
"__ArrayUnwind"	18000f424	0xf424	97	false
"FUN_18000f488"	18000f488	0xf488	80	false
"FUN_18000f4d8"	18000f4d8	0xf4d8	276	false
"FUN_18000f5f0"	18000f5f0	0xf5f0	125	false
"FUN_18000f670"	18000f670	0xf670	290	false
"entry"	18000f798	0xf798	61	false
"__GSHandlerCheck"	18000f7d8	0xf7d8	29	false
"__GSHandlerCheckCommon"	18000f7f8	0xf7f8	91	false
"__raise_securityfailure"	18000f854	0xf854	52	false
"FUN_18000f888"	18000f888	0xf888	211	false
"capture_previous_context"	18000f95c	0xf95c	113	false
"FUN_18000f9d0"	18000f9d0	0xf9d0	30	false
"FUN_18000f9f0"	18000f9f0	0xf9f0	31	false
"FUN_18000fa10"	18000fa10	0xfa10	714	false
"FUN_18000fcdc"	18000fcdc	0xfcdc	6	false
"__scrt_is_ucrt_dll_in_use"	18000fce4	0xfce4	12	false
"FUN_18000fcf0"	18000fcf0	0xfcf0	8	false
"FUN_18000fcf8"	18000fcf8	0xfcf8	328	false
"__security_init_cookie"	18000fe40	0xfe40	172	false
"FUN_18000feec"	18000feec	0xfeec	35	false
"FUN_18000ff10"	18000ff10	0xff10	14	false
"FUN_18000ff20"	18000ff20	0xff20	12	false
"FUN_18000ff2c"	18000ff2c	0xff2c	8	false
"FUN_18000ff34"	18000ff34	0xff34	8	false
"FUN_18000ff3c"	18000ff3c	0xff3c	27	false
"FUN_18000ff58"	18000ff58	0xff58	8	false
"FUN_18000ff60"	18000ff60	0xff60	60	false
"FUN_18000ff9c"	18000ff9c	0xff9c	60	false
"__CxxFrameHandler4"	18000ffe0	0xffe0	6	true
"_purecall"	18000ffec	0xffec	6	true
"__current_exception"	18000fff8	0xfff8	6	true
"__current_exception_context"	18000fffe	0xfffe	6	true
"_CxxThrowException"	180010004	0x10004	6	true
"memset"	18001000a	0x1000a	6	true
"__std_type_info_destroy_list"	180010010	0x10010	6	true
"free"	180010016	0x10016	6	true
"malloc"	18001001c	0x1001c	6	true
"_callnewh"	180010022	0x10022	6	true
"_seh_filter_dll"	180010028	0x10028	6	true
"_configure_narrow_argv"	18001002e	0x1002e	6	true
"_initialize_narrow_environment"	180010034	0x10034	6	true
"_initialize_onexit_table"	18001003a	0x1003a	6	true
"_register_onexit_function"	180010040	0x10040	6	true
"_execute_onexit_table"	180010046	0x10046	6	true
"_crt_atexit"	18001004c	0x1004c	6	true
"_cexit"	180010052	0x10052	6	true
"terminate"	180010058	0x10058	6	true
"_initterm"	18001005e	0x1005e	6	true
"_initterm_e"	180010064	0x10064	6	true
"FUN_18001006c"	18001006c	0x1006c	3	false
"FUN_180010070"	180010070	0x10070	3	false
"FID_conflict:__GSHandlerCheck_EH"	180010074	0x10074	127	false
"memchr"	1800100f3	0x100f3	6	true
"memcmp"	1800100f9	0x100f9	6	true
"memcpy"	1800100ff	0x100ff	6	true
"memmove"	180010105	0x10105	6	true
"atan2f"	18001010b	0x1010b	6	true
"ceilf"	180010111	0x10111	6	true
"_guard_dispatch_icall"	180010130	0x10130	2	false
"_guard_dispatch_icall"	180010150	0x10150	6	true
"FUN_180010184"	180010184	0x10184	49	false
"FUN_1800101ed"	1800101ed	0x101ed	49	false
"FUN_180010294"	180010294	0x10294	58	false
"FUN_180010370"	180010370	0x10370	38	false
"FUN_1800103a0"	1800103a0	0x103a0	38	false
"FUN_1800103c6"	1800103c6	0x103c6	38	false
"FUN_180010430"	180010430	0x10430	38	false
"FUN_1800104b0"	1800104b0	0x104b0	38	false
"FUN_18001050c"	18001050c	0x1050c	42	false
"FUN_1800105a4"	1800105a4	0x105a4	42	false
"FUN_1800106a0"	1800106a0	0x106a0	38	false
"FUN_180010768"	180010768	0x10768	23	false
"FUN_180010780"	180010780	0x10780	43	false
"FUN_1800107ac"	1800107ac	0x107ac	93	false
"FUN_18001080b"	18001080b	0x1080b	22	false
"FUN_180010822"	180010822	0x10822	24	false
"FUN_18001083b"	18001083b	0x1083b	19	false
"FUN_18001084f"	18001084f	0x1084f	53	false
"FUN_180010890"	180010890	0x10890	51	false
"FUN_1800108d0"	1800108d0	0x108d0	112	false
"FUN_180010950"	180010950	0x10950	120	false
"FUN_1800109d0"	1800109d0	0x109d0	112	false
"FUN_180010a5c"	180010a5c	0x10a5c	87	false
