from	from_addr	to	to_addr	type
"PostLoad"	180008070	"FUN_180001820"	180001820	CALL
"PostLoad"	180008070	"FUN_18000d8f4"	18000d8f4	CALL
"PostLoad"	180008070	"FUN_18000d740"	18000d740	CALL
"PostLoad"	180008070	"FUN_18000d8e8"	18000d8e8	CALL
"n_Wait"	1800071e0	"FUN_180008a40"	180008a40	CALL
"n_Wait"	1800071e0	"FUN_180002e30"	180002e30	CALL
"n_Wait"	1800071e0	"FUN_180005360"	180005360	CALL
"n_Wait"	1800071e0	"FUN_180004c90"	180004c90	CALL
"n_Wait"	1800071e0	"FUN_18000f264"	18000f264	CALL
"n_Wait"	1800071e0	"memchr"	1800100f3	CALL
"n_Wait"	1800071e0	"__security_check_cookie"	18000ee90	CALL
"ClearCallbacks"	1800043f0	"FUN_1800045d0"	1800045d0	CALL
"ExecuteCallback"	180004400	"FUN_180005360"	180005360	CALL
"ExecuteCallback"	180004400	"FUN_180004c90"	180004c90	CALL
"RegisterCallback"	180004490	"FUN_1800049e0"	1800049e0	CALL
"n_QuitGame"	1800077d0	"FUN_180002e30"	180002e30	CALL
"n_QuitGame"	1800077d0	"FUN_180005360"	180005360	CALL
"n_QuitGame"	1800077d0	"FUN_180004c90"	180004c90	CALL
"n_QuitGame"	1800077d0	"FUN_18000f264"	18000f264	CALL
"PostLoad"	180001fe0	"FUN_180001820"	180001820	CALL
"PostLoad"	180003ce0	"FUN_180001820"	180001820	CALL
"PreLoad"	180003da0	"FUN_180001820"	180001820	CALL
"PreLoad"	180003e50	"FUN_180001820"	180001820	CALL
"PreLoad"	180003f80	"FUN_180001820"	180001820	CALL
"PreLoad"	180004040	"FUN_180001820"	180001820	CALL
"PostLoad"	180004100	"FUN_180001820"	180001820	CALL
"PostLoad"	18000b630	"FUN_180001820"	180001820	CALL
"PreLoad"	18000b6f0	"FUN_180001820"	180001820	CALL
"PostLoad"	18000be90	"FUN_180001820"	180001820	CALL
"PostLoad"	18000c060	"FUN_180001820"	180001820	CALL
"FUN_180001820"	180001820	"memset"	18001000a	CALL
"FUN_180001820"	180001820	"FUN_180002e30"	180002e30	CALL
"FUN_180001820"	180001820	"FUN_18000eeb0"	18000eeb0	CALL
"FUN_180001820"	180001820	"FUN_180002ae0"	180002ae0	CALL
"FUN_180001820"	180001820	"FUN_180002fb0"	180002fb0	CALL
"FUN_180001820"	180001820	"FUN_180002890"	180002890	CALL
"FUN_180001820"	180001820	"FUN_180002650"	180002650	CALL
"FUN_180001820"	180001820	"FUN_18000f264"	18000f264	CALL
"FUN_180001820"	180001820	"__security_check_cookie"	18000ee90	CALL
"PostLoad"	180001fe0	"FUN_180001820"	180001820	CALLER
"PostLoad"	180003ce0	"FUN_180001820"	180001820	CALLER
"PreLoad"	180003da0	"FUN_180001820"	180001820	CALLER
"PreLoad"	180003e50	"FUN_180001820"	180001820	CALLER
"PreLoad"	180003e50	"FUN_180001820"	180001820	CALLER
"PreLoad"	180003f80	"FUN_180001820"	180001820	CALLER
"PreLoad"	180004040	"FUN_180001820"	180001820	CALLER
"PostLoad"	180004100	"FUN_180001820"	180001820	CALLER
"PostLoad"	180004100	"FUN_180001820"	180001820	CALLER
"PostLoad"	180004100	"FUN_180001820"	180001820	CALLER
"PostLoad"	180008070	"FUN_180001820"	180001820	CALLER
"PostLoad"	180008070	"FUN_180001820"	180001820	CALLER
"PostLoad"	180008070	"FUN_180001820"	180001820	CALLER
"PostLoad"	180008070	"FUN_180001820"	180001820	CALLER
"PostLoad"	180008070	"FUN_180001820"	180001820	CALLER
"PostLoad"	180008070	"FUN_180001820"	180001820	CALLER
"PostLoad"	180008070	"FUN_180001820"	180001820	CALLER
"PostLoad"	18000b630	"FUN_180001820"	180001820	CALLER
"PreLoad"	18000b6f0	"FUN_180001820"	180001820	CALLER
"PostLoad"	18000be90	"FUN_180001820"	180001820	CALLER
"PostLoad"	18000c060	"FUN_180001820"	180001820	CALLER
"PostLoad"	18000c060	"FUN_180001820"	180001820	CALLER
"FUN_18000d8f4"	18000d8f4	"FUN_18000d40c"	18000d40c	CALL
"FUN_18000d8f4"	18000d8f4	"FUN_18000dd2c"	18000dd2c	CALL
"PostLoad"	180008070	"FUN_18000d8f4"	18000d8f4	CALLER
"PostLoad"	180008070	"FUN_18000d8f4"	18000d8f4	CALLER
"PostLoad"	180008070	"FUN_18000d8f4"	18000d8f4	CALLER
"PostLoad"	180008070	"FUN_18000d8f4"	18000d8f4	CALLER
"FUN_18000cf00"	18000cf00	"FUN_18000d8f4"	18000d8f4	CALLER
"FUN_18000cf90"	18000cf90	"FUN_18000d8f4"	18000d8f4	CALLER
"FUN_18000d740"	18000d740	"FUN_18000d40c"	18000d40c	CALL
"FUN_18000d740"	18000d740	"FUN_18000dd30"	18000dd30	CALL
"FUN_18000d740"	18000d740	"FUN_18000daa0"	18000daa0	CALL
"FUN_18000d740"	18000d740	"FUN_18000dd64"	18000dd64	CALL
"FUN_18000d740"	18000d740	"FUN_18000d010"	18000d010	CALL
"FUN_18000d740"	18000d740	"FUN_18000dac4"	18000dac4	CALL
"FUN_18000d740"	18000d740	"__security_check_cookie"	18000ee90	CALL
"PostLoad"	180008070	"FUN_18000d740"	18000d740	CALLER
"PostLoad"	180008070	"FUN_18000d740"	18000d740	CALLER
"PostLoad"	180008070	"FUN_18000d740"	18000d740	CALLER
"PostLoad"	180008070	"FUN_18000d740"	18000d740	CALLER
"FUN_18000cf00"	18000cf00	"FUN_18000d740"	18000d740	CALLER
"FUN_18000cf90"	18000cf90	"FUN_18000d740"	18000d740	CALLER
"FUN_18000d8e8"	18000d8e8	"FUN_18000d218"	18000d218	CALL
"PostLoad"	180008070	"FUN_18000d8e8"	18000d8e8	CALLER
"PostLoad"	180008070	"FUN_18000d8e8"	18000d8e8	CALLER
"PostLoad"	180008070	"FUN_18000d8e8"	18000d8e8	CALLER
"PostLoad"	180008070	"FUN_18000d8e8"	18000d8e8	CALLER
"FUN_18000cf00"	18000cf00	"FUN_18000d8e8"	18000d8e8	CALLER
"FUN_18000cf90"	18000cf90	"FUN_18000d8e8"	18000d8e8	CALLER
"FUN_180008a40"	180008a40	"memset"	18001000a	CALL
"FUN_180008a40"	180008a40	"FUN_18000f340"	18000f340	CALL
"FUN_180008a40"	180008a40	"_Init_thread_footer"	18000f2d4	CALL
"FUN_180008a40"	180008a40	"__security_check_cookie"	18000ee90	CALL
"n_Wait"	1800071e0	"FUN_180008a40"	180008a40	CALLER
"FUN_180002e30"	180002e30	"memcpy"	1800100ff	CALL
"FUN_180002e30"	180002e30	"FUN_18000eeb0"	18000eeb0	CALL
"FUN_180002e30"	180002e30	"FUN_180001650"	180001650	CALL
"FUN_180002e30"	180002e30	"FUN_1800015b0"	1800015b0	CALL
"FUN_180001090"	180001090	"FUN_180002e30"	180002e30	CALLER
"FUN_180001090"	180001090	"FUN_180002e30"	180002e30	CALLER
"FUN_1800011f0"	1800011f0	"FUN_180002e30"	180002e30	CALLER
"FUN_1800011f0"	1800011f0	"FUN_180002e30"	180002e30	CALLER
"FUN_1800011f0"	1800011f0	"FUN_180002e30"	180002e30	CALLER
"FUN_1800011f0"	1800011f0	"FUN_180002e30"	180002e30	CALLER
"FUN_1800011f0"	1800011f0	"FUN_180002e30"	180002e30	CALLER
"FUN_1800011f0"	1800011f0	"FUN_180002e30"	180002e30	CALLER
"FUN_1800011f0"	1800011f0	"FUN_180002e30"	180002e30	CALLER
"FUN_1800011f0"	1800011f0	"FUN_180002e30"	180002e30	CALLER
"FUN_180001820"	180001820	"FUN_180002e30"	180002e30	CALLER
"FUN_180002770"	180002770	"FUN_180002e30"	180002e30	CALLER
"FUN_180005a20"	180005a20	"FUN_180002e30"	180002e30	CALLER
"FUN_180005ab0"	180005ab0	"FUN_180002e30"	180002e30	CALLER
"FUN_180006ca0"	180006ca0	"FUN_180002e30"	180002e30	CALLER
"n_Wait"	1800071e0	"FUN_180002e30"	180002e30	CALLER
"n_Wait"	1800071e0	"FUN_180002e30"	180002e30	CALLER
"n_Wait"	1800071e0	"FUN_180002e30"	180002e30	CALLER
"n_Wait"	1800071e0	"FUN_180002e30"	180002e30	CALLER
"n_Wait"	1800071e0	"FUN_180002e30"	180002e30	CALLER
"n_QuitGame"	1800077d0	"FUN_180002e30"	180002e30	CALLER
"FUN_180007910"	180007910	"FUN_180002e30"	180002e30	CALLER
"FUN_180007ef0"	180007ef0	"FUN_180002e30"	180002e30	CALLER
"FUN_180007fa0"	180007fa0	"FUN_180002e30"	180002e30	CALLER
"FUN_180005360"	180005360	"memcmp"	1800100f9	CALL
"ExecuteCallback"	180004400	"FUN_180005360"	180005360	CALLER
"FUN_180004c90"	180004c90	"FUN_180005360"	180005360	CALLER
"FUN_1800049e0"	1800049e0	"FUN_180005360"	180005360	CALLER
"n_Wait"	1800071e0	"FUN_180005360"	180005360	CALLER
"n_Wait"	1800071e0	"FUN_180005360"	180005360	CALLER
"n_Wait"	1800071e0	"FUN_180005360"	180005360	CALLER
"n_Wait"	1800071e0	"FUN_180005360"	180005360	CALLER
"n_QuitGame"	1800077d0	"FUN_180005360"	180005360	CALLER
"FUN_180004c90"	180004c90	"FUN_180005360"	180005360	CALL
"FUN_180004c90"	180004c90	"FUN_18000eeb0"	18000eeb0	CALL
"FUN_180004c90"	180004c90	"FUN_1800044b0"	1800044b0	CALL
"FUN_180004c90"	180004c90	"FUN_180004fe0"	180004fe0	CALL
"FUN_180004c90"	180004c90	"memcmp"	1800100f9	CALL
"ExecuteCallback"	180004400	"FUN_180004c90"	180004c90	CALLER
"n_Wait"	1800071e0	"FUN_180004c90"	180004c90	CALLER
"n_Wait"	1800071e0	"FUN_180004c90"	180004c90	CALLER
"n_Wait"	1800071e0	"FUN_180004c90"	180004c90	CALLER
"n_Wait"	1800071e0	"FUN_180004c90"	180004c90	CALLER
"n_QuitGame"	1800077d0	"FUN_180004c90"	180004c90	CALLER
"FUN_1800046a0"	1800046a0	"FUN_18000f264"	18000f264	CALLER
"FUN_180006fc0"	180006fc0	"FUN_18000f264"	18000f264	CALLER
"FUN_180001510"	180001510	"FUN_18000f264"	18000f264	CALLER
"FUN_180001750"	180001750	"FUN_18000f264"	18000f264	CALLER
"FUN_180002650"	180002650	"FUN_18000f264"	18000f264	CALLER
"FUN_180001820"	180001820	"FUN_18000f264"	18000f264	CALLER
"FUN_180001820"	180001820	"FUN_18000f264"	18000f264	CALLER
"FUN_180001820"	180001820	"FUN_18000f264"	18000f264	CALLER
"FUN_180001820"	180001820	"FUN_18000f264"	18000f264	CALLER
"FUN_180001820"	180001820	"FUN_18000f264"	18000f264	CALLER
"FUN_180002cc0"	180002cc0	"FUN_18000f264"	18000f264	CALLER
"FUN_180002fb0"	180002fb0	"FUN_18000f264"	18000f264	CALLER
"FUN_180002050"	180002050	"FUN_18000f264"	18000f264	CALLER
"FUN_180002450"	180002450	"FUN_18000f264"	18000f264	CALLER
"FUN_180002710"	180002710	"FUN_18000f264"	18000f264	CALLER
"FUN_1800027b0"	1800027b0	"FUN_18000f264"	18000f264	CALLER
"FUN_180002850"	180002850	"FUN_18000f264"	18000f264	CALLER
"FID_conflict:~vector<CHN*___ptr64,std::allocator<CHN*___ptr64>_>"	180004320	"FUN_18000f264"	18000f264	CALLER
"FUN_180004380"	180004380	"FUN_18000f264"	18000f264	CALLER
"FUN_180005510"	180005510	"FUN_18000f264"	18000f264	CALLER
"FUN_1800045d0"	1800045d0	"FUN_18000f264"	18000f264	CALLER
"FUN_1800047e0"	1800047e0	"FUN_18000f264"	18000f264	CALLER
"FUN_1800047e0"	1800047e0	"FUN_18000f264"	18000f264	CALLER
"FUN_180005670"	180005670	"FUN_18000f264"	18000f264	CALLER
"FUN_180005670"	180005670	"FUN_18000f264"	18000f264	CALLER
"FUN_180009800"	180009800	"FUN_18000f264"	18000f264	CALLER
"FUN_1800057d0"	1800057d0	"FUN_18000f264"	18000f264	CALLER
"FUN_180005820"	180005820	"FUN_18000f264"	18000f264	CALLER
"FUN_180005a70"	180005a70	"FUN_18000f264"	18000f264	CALLER
"FUN_1800094b0"	1800094b0	"FUN_18000f264"	18000f264	CALLER
"FUN_180008de0"	180008de0	"FUN_18000f264"	18000f264	CALLER
"FUN_180008f70"	180008f70	"FUN_18000f264"	18000f264	CALLER
"FUN_1800090d0"	1800090d0	"FUN_18000f264"	18000f264	CALLER
"FUN_18000a2a0"	18000a2a0	"FUN_18000f264"	18000f264	CALLER
"FUN_180006450"	180006450	"FUN_18000f264"	18000f264	CALLER
"FUN_180006450"	180006450	"FUN_18000f264"	18000f264	CALLER
"FUN_180006640"	180006640	"FUN_18000f264"	18000f264	CALLER
"FUN_180006640"	180006640	"FUN_18000f264"	18000f264	CALLER
"FUN_180009360"	180009360	"FUN_18000f264"	18000f264	CALLER
"FUN_180009670"	180009670	"FUN_18000f264"	18000f264	CALLER
"FUN_1800068b0"	1800068b0	"FUN_18000f264"	18000f264	CALLER
"FUN_1800068b0"	1800068b0	"FUN_18000f264"	18000f264	CALLER
"FUN_1800068b0"	1800068b0	"FUN_18000f264"	18000f264	CALLER
"FUN_1800068b0"	1800068b0	"FUN_18000f264"	18000f264	CALLER
"FUN_180006a00"	180006a00	"FUN_18000f264"	18000f264	CALLER
"FUN_180006a00"	180006a00	"FUN_18000f264"	18000f264	CALLER
"FUN_180006a00"	180006a00	"FUN_18000f264"	18000f264	CALLER
"FUN_180006ca0"	180006ca0	"FUN_18000f264"	18000f264	CALLER
"FUN_180006ca0"	180006ca0	"FUN_18000f264"	18000f264	CALLER
"FUN_180006db0"	180006db0	"FUN_18000f264"	18000f264	CALLER
"FUN_180006db0"	180006db0	"FUN_18000f264"	18000f264	CALLER
"FUN_180007050"	180007050	"FUN_18000f264"	18000f264	CALLER
"FUN_1800070c0"	1800070c0	"FUN_18000f264"	18000f264	CALLER
"FUN_1800070c0"	1800070c0	"FUN_18000f264"	18000f264	CALLER
"FUN_180007170"	180007170	"FUN_18000f264"	18000f264	CALLER
"FUN_1800087d0"	1800087d0	"FUN_18000f264"	18000f264	CALLER
"n_Wait"	1800071e0	"FUN_18000f264"	18000f264	CALLER
"n_Wait"	1800071e0	"FUN_18000f264"	18000f264	CALLER
"n_Wait"	1800071e0	"FUN_18000f264"	18000f264	CALLER
"n_Wait"	1800071e0	"FUN_18000f264"	18000f264	CALLER
"n_Wait"	1800071e0	"FUN_18000f264"	18000f264	CALLER
"n_QuitGame"	1800077d0	"FUN_18000f264"	18000f264	CALLER
"FUN_180007910"	180007910	"FUN_18000f264"	18000f264	CALLER
"FUN_180007910"	180007910	"FUN_18000f264"	18000f264	CALLER
"FUN_180007910"	180007910	"FUN_18000f264"	18000f264	CALLER
"FUN_180007910"	180007910	"FUN_18000f264"	18000f264	CALLER
"FUN_180007910"	180007910	"FUN_18000f264"	18000f264	CALLER
"FUN_180007910"	180007910	"FUN_18000f264"	18000f264	CALLER
"FUN_180007910"	180007910	"FUN_18000f264"	18000f264	CALLER
"FUN_180007910"	180007910	"FUN_18000f264"	18000f264	CALLER
"FUN_180007910"	180007910	"FUN_18000f264"	18000f264	CALLER
"FUN_180007910"	180007910	"FUN_18000f264"	18000f264	CALLER
"FUN_180007ef0"	180007ef0	"FUN_18000f264"	18000f264	CALLER
"FUN_180007fa0"	180007fa0	"FUN_18000f264"	18000f264	CALLER
"FUN_18000bfb0"	18000bfb0	"FUN_18000f264"	18000f264	CALLER
"FUN_18000bfb0"	18000bfb0	"FUN_18000f264"	18000f264	CALLER
"FUN_18000c2c0"	18000c2c0	"FUN_18000f264"	18000f264	CALLER
"FUN_18000c430"	18000c430	"FUN_18000f264"	18000f264	CALLER
"FUN_18000f26c"	18000f26c	"FUN_18000f264"	18000f264	CALLER
"FUN_1800108d0"	1800108d0	"FUN_18000f264"	18000f264	CALLER
"FUN_180010950"	180010950	"FUN_18000f264"	18000f264	CALLER
"FUN_1800109d0"	1800109d0	"FUN_18000f264"	18000f264	CALLER
"FUN_180004380"	180004380	"FUN_18000f264"	18000f264	CALLER
"FUN_180004fa0"	180004fa0	"FUN_18000f264"	18000f264	CALLER
"FUN_1800087d0"	1800087d0	"FUN_18000f264"	18000f264	CALLER
"FUN_180009ca0"	180009ca0	"FUN_18000f264"	18000f264	CALLER
"FUN_18000bfb0"	18000bfb0	"FUN_18000f264"	18000f264	CALLER
"FUN_18000c430"	18000c430	"FUN_18000f264"	18000f264	CALLER
"FUN_180003130"	180003130	"FUN_18000f264"	18000f264	CALLER
"n_Wait"	1800071e0	"memchr"	1800100f3	CALLER
"FUN_1800092a0"	1800092a0	"memchr"	1800100f3	CALLER
"FUN_1800092a0"	1800092a0	"memchr"	1800100f3	CALLER
"__security_check_cookie"	18000ee90	"FUN_18000f888"	18000f888	CALL
"FUN_180001090"	180001090	"__security_check_cookie"	18000ee90	CALLER
"FUN_180001820"	180001820	"__security_check_cookie"	18000ee90	CALLER
"FUN_1800029d0"	1800029d0	"__security_check_cookie"	18000ee90	CALLER
"FUN_180005670"	180005670	"__security_check_cookie"	18000ee90	CALLER
"FUN_180005820"	180005820	"__security_check_cookie"	18000ee90	CALLER
"FUN_180005ab0"	180005ab0	"__security_check_cookie"	18000ee90	CALLER
"FUN_180006450"	180006450	"__security_check_cookie"	18000ee90	CALLER
"FUN_180006640"	180006640	"__security_check_cookie"	18000ee90	CALLER
"FUN_180006db0"	180006db0	"__security_check_cookie"	18000ee90	CALLER
"n_Wait"	1800071e0	"__security_check_cookie"	18000ee90	CALLER
"FUN_180008a40"	180008a40	"__security_check_cookie"	18000ee90	CALLER
"FUN_180007910"	180007910	"__security_check_cookie"	18000ee90	CALLER
"FUN_18000eafc"	18000eafc	"__security_check_cookie"	18000ee90	CALLER
"FUN_180007ef0"	180007ef0	"__security_check_cookie"	18000ee90	CALLER
"FUN_180007fa0"	180007fa0	"__security_check_cookie"	18000ee90	CALLER
"FUN_180008c10"	180008c10	"__security_check_cookie"	18000ee90	CALLER
"FUN_18000d740"	18000d740	"__security_check_cookie"	18000ee90	CALLER
"FUN_18000d44c"	18000d44c	"__security_check_cookie"	18000ee90	CALLER
"FUN_18000dd64"	18000dd64	"__security_check_cookie"	18000ee90	CALLER
"DisableAllInputs"	18000b750	"__security_check_cookie"	18000ee90	CALLER
"FUN_18000c490"	18000c490	"__security_check_cookie"	18000ee90	CALLER
"FUN_18000c1b0"	18000c1b0	"__security_check_cookie"	18000ee90	CALLER
"FUN_18000c1b0"	18000c1b0	"__security_check_cookie"	18000ee90	CALLER
"FUN_18000c230"	18000c230	"__security_check_cookie"	18000ee90	CALLER
"FUN_18000c230"	18000c230	"__security_check_cookie"	18000ee90	CALLER
"__GSHandlerCheckCommon"	18000f7f8	"__security_check_cookie"	18000ee90	CALLER
"FUN_1800045d0"	1800045d0	"FUN_1800047e0"	1800047e0	CALL
"FUN_1800045d0"	1800045d0	"FUN_180005510"	180005510	CALL
"FUN_1800045d0"	1800045d0	"FUN_18000f264"	18000f264	CALL
"FUN_1800045d0"	1800045d0	"FUN_180004f10"	180004f10	CALL
"Unload"	1800085d0	"FUN_1800045d0"	1800045d0	CALLER
"ClearCallbacks"	1800043f0	"FUN_1800045d0"	1800045d0	CALLER
"FUN_1800049e0"	1800049e0	"FUN_180005360"	180005360	CALL
"FUN_1800049e0"	1800049e0	"FUN_18000eeb0"	18000eeb0	CALL
"FUN_1800049e0"	1800049e0	"FUN_1800044b0"	1800044b0	CALL
"FUN_1800049e0"	1800049e0	"FUN_180004fe0"	180004fe0	CALL
"FUN_1800049e0"	1800049e0	"memcmp"	1800100f9	CALL
"RegisterCallback"	180004490	"FUN_1800049e0"	1800049e0	CALLER
"FUN_18000fcf8"	18000fcf8	"memset"	18001000a	CALLER
"FUN_18000fcf8"	18000fcf8	"memset"	18001000a	CALLER
"FUN_180001820"	180001820	"memset"	18001000a	CALLER
"FUN_180001820"	180001820	"memset"	18001000a	CALLER
"FUN_1800088e0"	1800088e0	"memset"	18001000a	CALLER
"FUN_180009670"	180009670	"memset"	18001000a	CALLER
"FUN_180009670"	180009670	"memset"	18001000a	CALLER
"FUN_180008a40"	180008a40	"memset"	18001000a	CALLER
"FUN_180008a40"	180008a40	"memset"	18001000a	CALLER
"FUN_18000a140"	18000a140	"memset"	18001000a	CALLER
"FUN_180008c10"	180008c10	"memset"	18001000a	CALLER
"FUN_180008c10"	180008c10	"memset"	18001000a	CALLER
"FUN_18000c490"	18000c490	"memset"	18001000a	CALLER
"FUN_18000c490"	18000c490	"memset"	18001000a	CALLER
"FUN_18000eeb0"	18000eeb0	"_callnewh"	180010022	CALL
"FUN_18000eeb0"	18000eeb0	"malloc"	18001001c	CALL
"FUN_18000eeb0"	18000eeb0	"FUN_18000f9f0"	18000f9f0	CALL
"FUN_18000eeb0"	18000eeb0	"FUN_1800015b0"	1800015b0	CALL
"FUN_180001010"	180001010	"FUN_18000eeb0"	18000eeb0	CALLER
"FUN_1800046a0"	1800046a0	"FUN_18000eeb0"	18000eeb0	CALLER
"FUN_1800046a0"	1800046a0	"FUN_18000eeb0"	18000eeb0	CALLER
"FUN_180001090"	180001090	"FUN_18000eeb0"	18000eeb0	CALLER
"FUN_180002e30"	180002e30	"FUN_18000eeb0"	18000eeb0	CALLER
"FUN_180002e30"	180002e30	"FUN_18000eeb0"	18000eeb0	CALLER
"FUN_1800044b0"	1800044b0	"FUN_18000eeb0"	18000eeb0	CALLER
"FUN_1800044b0"	1800044b0	"FUN_18000eeb0"	18000eeb0	CALLER
"FUN_1800011f0"	1800011f0	"FUN_18000eeb0"	18000eeb0	CALLER
"FUN_180009990"	180009990	"FUN_18000eeb0"	18000eeb0	CALLER
"FUN_180001420"	180001420	"FUN_18000eeb0"	18000eeb0	CALLER
"FUN_180001820"	180001820	"FUN_18000eeb0"	18000eeb0	CALLER
"FUN_180002890"	180002890	"FUN_18000eeb0"	18000eeb0	CALLER
"FUN_180002890"	180002890	"FUN_18000eeb0"	18000eeb0	CALLER
"FUN_180002cc0"	180002cc0	"FUN_18000eeb0"	18000eeb0	CALLER
"FUN_180002cc0"	180002cc0	"FUN_18000eeb0"	18000eeb0	CALLER
"FUN_180002fb0"	180002fb0	"FUN_18000eeb0"	18000eeb0	CALLER
"FUN_180002fb0"	180002fb0	"FUN_18000eeb0"	18000eeb0	CALLER
"FUN_180002450"	180002450	"FUN_18000eeb0"	18000eeb0	CALLER
"FUN_180002450"	180002450	"FUN_18000eeb0"	18000eeb0	CALLER
"FUN_180004c90"	180004c90	"FUN_18000eeb0"	18000eeb0	CALLER
"FUN_1800049e0"	1800049e0	"FUN_18000eeb0"	18000eeb0	CALLER
"FUN_180009800"	180009800	"FUN_18000eeb0"	18000eeb0	CALLER
"FUN_180009800"	180009800	"FUN_18000eeb0"	18000eeb0	CALLER
"FUN_1800094b0"	1800094b0	"FUN_18000eeb0"	18000eeb0	CALLER
"FUN_1800094b0"	1800094b0	"FUN_18000eeb0"	18000eeb0	CALLER
"FUN_180008de0"	180008de0	"FUN_18000eeb0"	18000eeb0	CALLER
"FUN_180008de0"	180008de0	"FUN_18000eeb0"	18000eeb0	CALLER
"FUN_180008f70"	180008f70	"FUN_18000eeb0"	18000eeb0	CALLER
"FUN_180008f70"	180008f70	"FUN_18000eeb0"	18000eeb0	CALLER
"FUN_1800090d0"	1800090d0	"FUN_18000eeb0"	18000eeb0	CALLER
"FUN_1800090d0"	1800090d0	"FUN_18000eeb0"	18000eeb0	CALLER
"FUN_180006320"	180006320	"FUN_18000eeb0"	18000eeb0	CALLER
"FUN_180006320"	180006320	"FUN_18000eeb0"	18000eeb0	CALLER
"FUN_18000a2a0"	18000a2a0	"FUN_18000eeb0"	18000eeb0	CALLER
"FUN_18000a2a0"	18000a2a0	"FUN_18000eeb0"	18000eeb0	CALLER
"FUN_180009360"	180009360	"FUN_18000eeb0"	18000eeb0	CALLER
"FUN_180009360"	180009360	"FUN_18000eeb0"	18000eeb0	CALLER
"FUN_180009670"	180009670	"FUN_18000eeb0"	18000eeb0	CALLER
"FUN_180009670"	180009670	"FUN_18000eeb0"	18000eeb0	CALLER
"FUN_18000c9b0"	18000c9b0	"FUN_18000eeb0"	18000eeb0	CALLER
"FUN_18000c740"	18000c740	"FUN_18000eeb0"	18000eeb0	CALLER
"FUN_180002ae0"	180002ae0	"FUN_1800029d0"	1800029d0	CALL
"FUN_180002ae0"	180002ae0	"FUN_180002cc0"	180002cc0	CALL
"FUN_180001820"	180001820	"FUN_180002ae0"	180002ae0	CALLER
"FUN_180001820"	180001820	"FUN_180002ae0"	180002ae0	CALLER
"FUN_180002fb0"	180002fb0	"FUN_18000eeb0"	18000eeb0	CALL
"FUN_180002fb0"	180002fb0	"memmove"	180010105	CALL
"FUN_180002fb0"	180002fb0	"FUN_18000f264"	18000f264	CALL
"FUN_180002fb0"	180002fb0	"FUN_180003190"	180003190	CALL
"FUN_180002fb0"	180002fb0	"FUN_1800015b0"	1800015b0	CALL
"FUN_180001820"	180001820	"FUN_180002fb0"	180002fb0	CALLER
"FUN_180001820"	180001820	"FUN_180002fb0"	180002fb0	CALLER
"FUN_180002890"	180002890	"FUN_18000eeb0"	18000eeb0	CALL
"FUN_180002890"	180002890	"memcpy"	1800100ff	CALL
"FUN_180002890"	180002890	"FUN_1800015b0"	1800015b0	CALL
"FUN_180001820"	180001820	"FUN_180002890"	180002890	CALLER
"FUN_180002650"	180002650	"FUN_18000f264"	18000f264	CALL
"FUN_1800017c0"	1800017c0	"FUN_180002650"	180002650	CALLER
"FUN_180001820"	180001820	"FUN_180002650"	180002650	CALLER
"FUN_180001820"	180001820	"FUN_180002650"	180002650	CALLER
"FUN_180001820"	180001820	"FUN_180002650"	180002650	CALLER
"FUN_180001820"	180001820	"FUN_180002650"	180002650	CALLER
"FUN_1800027b0"	1800027b0	"FUN_180002650"	180002650	CALLER
"FUN_180002850"	180002850	"FUN_180002650"	180002650	CALLER
"FUN_18000cf00"	18000cf00	"FUN_18000d8f4"	18000d8f4	CALL
"FUN_18000cf00"	18000cf00	"FUN_18000d740"	18000d740	CALL
"FUN_18000cf00"	18000cf00	"FUN_18000d8e8"	18000d8e8	CALL
"FUN_18000cf90"	18000cf90	"FUN_18000d8f4"	18000d8f4	CALL
"FUN_18000cf90"	18000cf90	"FUN_18000d740"	18000d740	CALL
"FUN_18000cf90"	18000cf90	"FUN_18000d8e8"	18000d8e8	CALL
"FUN_18000d740"	18000d740	"FUN_18000d40c"	18000d40c	CALLER
"FUN_18000d218"	18000d218	"FUN_18000d40c"	18000d40c	CALLER
"FUN_18000d8f4"	18000d8f4	"FUN_18000d40c"	18000d40c	CALLER
"FUN_18000d950"	18000d950	"FUN_18000d40c"	18000d40c	CALLER
"FUN_18000d8f4"	18000d8f4	"FUN_18000dd2c"	18000dd2c	CALLER
"FUN_18000d740"	18000d740	"FUN_18000dd30"	18000dd30	CALLER
"FUN_18000d740"	18000d740	"FUN_18000dd30"	18000dd30	CALLER
"FUN_18000dd64"	18000dd64	"FUN_18000dd30"	18000dd30	CALLER
"FUN_18000daa0"	18000daa0	"FUN_18000db2c"	18000db2c	CALL
"FUN_18000d740"	18000d740	"FUN_18000daa0"	18000daa0	CALLER
"FUN_18000dd64"	18000dd64	"FUN_18000e104"	18000e104	CALL
"FUN_18000dd64"	18000dd64	"FUN_18000e0c8"	18000e0c8	CALL
"FUN_18000dd64"	18000dd64	"FUN_18000dd30"	18000dd30	CALL
"FUN_18000dd64"	18000dd64	"__security_check_cookie"	18000ee90	CALL
"FUN_18000d740"	18000d740	"FUN_18000dd64"	18000dd64	CALLER
"FUN_18000d740"	18000d740	"FUN_18000d010"	18000d010	CALLER
"FUN_18000d740"	18000d740	"FUN_18000dac4"	18000dac4	CALLER
"FUN_18000d950"	18000d950	"FUN_18000dac4"	18000dac4	CALLER
"FUN_18000d218"	18000d218	"FUN_18000d40c"	18000d40c	CALL
"FUN_18000d218"	18000d218	"FUN_18000d158"	18000d158	CALL
"FUN_18000d218"	18000d218	"FUN_18000d44c"	18000d44c	CALL
"FUN_18000d218"	18000d218	"FUN_18000d2f8"	18000d2f8	CALL
"FUN_18000d218"	18000d218	"FUN_18000da28"	18000da28	CALL
"FUN_18000d8e8"	18000d8e8	"FUN_18000d218"	18000d218	CALLER
"FUN_18000d8e0"	18000d8e0	"FUN_18000d218"	18000d218	CALLER
"FUN_180008a40"	180008a40	"FUN_18000f340"	18000f340	CALLER
"FUN_180008c10"	180008c10	"FUN_18000f340"	18000f340	CALLER
"FUN_18000c490"	18000c490	"FUN_18000f340"	18000f340	CALLER
"FUN_180008a40"	180008a40	"_Init_thread_footer"	18000f2d4	CALLER
"FUN_180008c10"	180008c10	"_Init_thread_footer"	18000f2d4	CALLER
"FUN_18000c490"	18000c490	"_Init_thread_footer"	18000f2d4	CALLER
"FUN_180001090"	180001090	"FUN_180002e30"	180002e30	CALL
"FUN_180001090"	180001090	"FUN_18000eeb0"	18000eeb0	CALL
"FUN_180001090"	180001090	"FUN_1800044b0"	1800044b0	CALL
"FUN_180001090"	180001090	"FUN_180006fc0"	180006fc0	CALL
"FUN_180001090"	180001090	"`eh_vector_destructor_iterator'"	18000f3b8	CALL
"FUN_180001090"	180001090	"atexit"	18000f244	CALL
"FUN_180001090"	180001090	"__security_check_cookie"	18000ee90	CALL
"FUN_1800011f0"	1800011f0	"FUN_180002e30"	180002e30	CALL
"FUN_1800011f0"	1800011f0	"FUN_18000eeb0"	18000eeb0	CALL
"FUN_1800011f0"	1800011f0	"FUN_1800046a0"	1800046a0	CALL
"FUN_1800011f0"	1800011f0	"FUN_180009990"	180009990	CALL
"FUN_1800011f0"	1800011f0	"`eh_vector_destructor_iterator'"	18000f3b8	CALL
"FUN_1800011f0"	1800011f0	"atexit"	18000f244	CALL
"FUN_180002770"	180002770	"FUN_180002e30"	180002e30	CALL
"FUN_180006bc0"	180006bc0	"FUN_180002770"	180002770	CALLER
"FUN_180005a20"	180005a20	"FUN_180002e30"	180002e30	CALL
"FUN_180005ab0"	180005ab0	"FUN_18000e7fc"	18000e7fc	CALL
"FUN_180005ab0"	180005ab0	"FUN_180002e30"	180002e30	CALL
"FUN_180005ab0"	180005ab0	"LocalFree"	18000e894	CALL
"FUN_180005ab0"	180005ab0	"__security_check_cookie"	18000ee90	CALL
"FUN_180006ca0"	180006ca0	"FUN_180002e30"	180002e30	CALL
"FUN_180006ca0"	180006ca0	"FUN_18000f264"	18000f264	CALL
"FUN_180006ca0"	180006ca0	"FUN_180008840"	180008840	CALL
"FUN_180007ef0"	180007ef0	"FUN_180006ca0"	180006ca0	CALLER
"FUN_180007fa0"	180007fa0	"FUN_180006ca0"	180006ca0	CALLER
"FUN_180007910"	180007910	"FUN_180006db0"	180006db0	CALL
"FUN_180007910"	180007910	"FUN_180002e30"	180002e30	CALL
"FUN_180007910"	180007910	"FUN_180006c20"	180006c20	CALL
"FUN_180007910"	180007910	"FUN_18000f264"	18000f264	CALL
"FUN_180007910"	180007910	"FUN_1800092a0"	1800092a0	CALL
"FUN_180007910"	180007910	"FUN_18000e89c"	18000e89c	CALL
"FUN_180007910"	180007910	"FUN_180005c30"	180005c30	CALL
"FUN_180007910"	180007910	"FUN_180006190"	180006190	CALL
"FUN_180007910"	180007910	"FUN_18000eafc"	18000eafc	CALL
"FUN_180007910"	180007910	"FUN_18000a140"	18000a140	CALL
"FUN_180007910"	180007910	"memcpy"	1800100ff	CALL
"FUN_180007910"	180007910	"__security_check_cookie"	18000ee90	CALL
"FUN_180007910"	180007910	"FUN_180006bc0"	180006bc0	CALL
"FUN_180007ef0"	180007ef0	"FUN_180002e30"	180002e30	CALL
"FUN_180007ef0"	180007ef0	"FUN_180006ca0"	180006ca0	CALL
"FUN_180007ef0"	180007ef0	"FUN_18000f264"	18000f264	CALL
"FUN_180007ef0"	180007ef0	"__security_check_cookie"	18000ee90	CALL
"FUN_180007fa0"	180007fa0	"FUN_180008c10"	180008c10	CALL
"FUN_180007fa0"	180007fa0	"FUN_180002e30"	180002e30	CALL
"FUN_180007fa0"	180007fa0	"FUN_180006ca0"	180006ca0	CALL
"FUN_180007fa0"	180007fa0	"FUN_18000f264"	18000f264	CALL
"FUN_180007fa0"	180007fa0	"__security_check_cookie"	18000ee90	CALL
"FUN_180002e30"	180002e30	"memcpy"	1800100ff	CALLER
"FUN_180002e30"	180002e30	"memcpy"	1800100ff	CALLER
"FUN_1800044b0"	1800044b0	"memcpy"	1800100ff	CALLER
"FUN_180002890"	180002890	"memcpy"	1800100ff	CALLER
"FUN_180002cc0"	180002cc0	"memcpy"	1800100ff	CALLER
"FUN_180002cc0"	180002cc0	"memcpy"	1800100ff	CALLER
"FUN_180002450"	180002450	"memcpy"	1800100ff	CALLER
"operator="	1800031b0	"memcpy"	1800100ff	CALLER
"mvrMoverComponent"	180003550	"memcpy"	1800100ff	CALLER
"operator="	180003660	"memcpy"	1800100ff	CALLER
"FUN_180009800"	180009800	"memcpy"	1800100ff	CALLER
"FUN_180009800"	180009800	"memcpy"	1800100ff	CALLER
"FUN_180009800"	180009800	"memcpy"	1800100ff	CALLER
"FUN_180009800"	180009800	"memcpy"	1800100ff	CALLER
"FUN_1800094b0"	1800094b0	"memcpy"	1800100ff	CALLER
"FUN_1800094b0"	1800094b0	"memcpy"	1800100ff	CALLER
"FUN_180008de0"	180008de0	"memcpy"	1800100ff	CALLER
"FUN_180008de0"	180008de0	"memcpy"	1800100ff	CALLER
"FUN_180008f70"	180008f70	"memcpy"	1800100ff	CALLER
"FUN_1800090d0"	1800090d0	"memcpy"	1800100ff	CALLER
"FUN_1800090d0"	1800090d0	"memcpy"	1800100ff	CALLER
"FUN_1800090d0"	1800090d0	"memcpy"	1800100ff	CALLER
"FUN_1800090d0"	1800090d0	"memcpy"	1800100ff	CALLER
"FUN_180006190"	180006190	"memcpy"	1800100ff	CALLER
"FUN_180006190"	180006190	"memcpy"	1800100ff	CALLER
"FUN_180006320"	180006320	"memcpy"	1800100ff	CALLER
"FUN_18000a2a0"	18000a2a0	"memcpy"	1800100ff	CALLER
"FUN_18000a2a0"	18000a2a0	"memcpy"	1800100ff	CALLER
"FUN_180009360"	180009360	"memcpy"	1800100ff	CALLER
"FUN_180009360"	180009360	"memcpy"	1800100ff	CALLER
"FUN_180009670"	180009670	"memcpy"	1800100ff	CALLER
"FUN_180009670"	180009670	"memcpy"	1800100ff	CALLER
"FUN_180007910"	180007910	"memcpy"	1800100ff	CALLER
"operator="	18000b800	"memcpy"	1800100ff	CALLER
"FUN_180002e30"	180002e30	"FUN_180001650"	180001650	CALLER
"FUN_1800044b0"	1800044b0	"FUN_180001650"	180001650	CALLER
"FUN_180002cc0"	180002cc0	"FUN_180001650"	180001650	CALLER
"FUN_180009800"	180009800	"FUN_180001650"	180001650	CALLER
"FUN_1800094b0"	1800094b0	"FUN_180001650"	180001650	CALLER
"FUN_180008de0"	180008de0	"FUN_180001650"	180001650	CALLER
"FUN_180008f70"	180008f70	"FUN_180001650"	180001650	CALLER
"FUN_1800090d0"	1800090d0	"FUN_180001650"	180001650	CALLER
"FUN_180006320"	180006320	"FUN_180001650"	180001650	CALLER
"FUN_18000a2a0"	18000a2a0	"FUN_180001650"	180001650	CALLER
"FUN_180009360"	180009360	"FUN_180001650"	180001650	CALLER
"FUN_180009670"	180009670	"FUN_180001650"	180001650	CALLER
"FUN_1800015b0"	1800015b0	"FUN_180001580"	180001580	CALL
"FUN_1800015b0"	1800015b0	"_CxxThrowException"	180010004	CALL
"FUN_1800046a0"	1800046a0	"FUN_1800015b0"	1800015b0	CALLER
"FUN_18000eeb0"	18000eeb0	"FUN_1800015b0"	1800015b0	CALLER
"FUN_180002e30"	180002e30	"FUN_1800015b0"	1800015b0	CALLER
"FUN_1800044b0"	1800044b0	"FUN_1800015b0"	1800015b0	CALLER
"FUN_180002890"	180002890	"FUN_1800015b0"	1800015b0	CALLER
"FUN_180002cc0"	180002cc0	"FUN_1800015b0"	1800015b0	CALLER
"FUN_180002fb0"	180002fb0	"FUN_1800015b0"	1800015b0	CALLER
"FUN_180002450"	180002450	"FUN_1800015b0"	1800015b0	CALLER
"FUN_180009800"	180009800	"FUN_1800015b0"	1800015b0	CALLER
"FUN_1800094b0"	1800094b0	"FUN_1800015b0"	1800015b0	CALLER
"FUN_180008de0"	180008de0	"FUN_1800015b0"	1800015b0	CALLER
"FUN_180008f70"	180008f70	"FUN_1800015b0"	1800015b0	CALLER
"FUN_1800090d0"	1800090d0	"FUN_1800015b0"	1800015b0	CALLER
"FUN_180006320"	180006320	"FUN_1800015b0"	1800015b0	CALLER
"FUN_18000a2a0"	18000a2a0	"FUN_1800015b0"	1800015b0	CALLER
"FUN_180009360"	180009360	"FUN_1800015b0"	1800015b0	CALLER
"FUN_180009670"	180009670	"FUN_1800015b0"	1800015b0	CALLER
"FUN_180009990"	180009990	"memcmp"	1800100f9	CALLER
"FUN_180009e90"	180009e90	"memcmp"	1800100f9	CALLER
"FUN_180009e90"	180009e90	"memcmp"	1800100f9	CALLER
"FUN_18000a410"	18000a410	"memcmp"	1800100f9	CALLER
"FUN_180004c90"	180004c90	"memcmp"	1800100f9	CALLER
"FUN_1800050b0"	1800050b0	"memcmp"	1800100f9	CALLER
"FUN_1800050b0"	1800050b0	"memcmp"	1800100f9	CALLER
"FUN_180005360"	180005360	"memcmp"	1800100f9	CALLER
"FUN_1800049e0"	1800049e0	"memcmp"	1800100f9	CALLER
"FUN_1800092a0"	1800092a0	"memcmp"	1800100f9	CALLER
"FUN_1800044b0"	1800044b0	"FUN_18000eeb0"	18000eeb0	CALL
"FUN_1800044b0"	1800044b0	"memcpy"	1800100ff	CALL
"FUN_1800044b0"	1800044b0	"FUN_180001650"	180001650	CALL
"FUN_1800044b0"	1800044b0	"FUN_1800015b0"	1800015b0	CALL
"FUN_180001090"	180001090	"FUN_1800044b0"	1800044b0	CALLER
"FUN_180009990"	180009990	"FUN_1800044b0"	1800044b0	CALLER
"FUN_180009990"	180009990	"FUN_1800044b0"	1800044b0	CALLER
"FUN_180004c90"	180004c90	"FUN_1800044b0"	1800044b0	CALLER
"FUN_1800049e0"	1800049e0	"FUN_1800044b0"	1800044b0	CALLER
"FUN_180006450"	180006450	"FUN_1800044b0"	1800044b0	CALLER
"FUN_180006b30"	180006b30	"FUN_1800044b0"	1800044b0	CALLER
"FUN_180006c20"	180006c20	"FUN_1800044b0"	1800044b0	CALLER
"FUN_180004fe0"	180004fe0	"ceilf"	180010111	CALL
"FUN_180004fe0"	180004fe0	"FUN_1800050b0"	1800050b0	CALL
"FUN_180004c90"	180004c90	"FUN_180004fe0"	180004fe0	CALLER
"FUN_1800049e0"	1800049e0	"FUN_180004fe0"	180004fe0	CALLER
"FUN_1800046a0"	1800046a0	"FUN_18000eeb0"	18000eeb0	CALL
"FUN_1800046a0"	1800046a0	"FUN_18000f264"	18000f264	CALL
"FUN_1800046a0"	1800046a0	"FUN_1800015b0"	1800015b0	CALL
"FUN_180001010"	180001010	"FUN_1800046a0"	1800046a0	CALLER
"FUN_1800011f0"	1800011f0	"FUN_1800046a0"	1800046a0	CALLER
"FUN_180009e90"	180009e90	"FUN_1800046a0"	1800046a0	CALLER
"FUN_180001420"	180001420	"FUN_1800046a0"	1800046a0	CALLER
"FUN_1800050b0"	1800050b0	"FUN_1800046a0"	1800046a0	CALLER
"FUN_18000cd10"	18000cd10	"FUN_1800046a0"	1800046a0	CALLER
"FUN_180006fc0"	180006fc0	"FUN_18000f264"	18000f264	CALL
"FUN_180001090"	180001090	"FUN_180006fc0"	180006fc0	CALLER
"FUN_180007050"	180007050	"FUN_180006fc0"	180006fc0	CALLER
"FUN_180010950"	180010950	"FUN_180006fc0"	180006fc0	CALLER
"FUN_180001510"	180001510	"FUN_18000f264"	18000f264	CALL
"FUN_180001750"	180001750	"FUN_18000f264"	18000f264	CALL
"FUN_180010370"	180010370	"FUN_180001750"	180001750	CALLER
"FUN_1800103a0"	1800103a0	"FUN_180001750"	180001750	CALLER
"FUN_1800103c6"	1800103c6	"FUN_180001750"	180001750	CALLER
"FUN_180002cc0"	180002cc0	"FUN_18000eeb0"	18000eeb0	CALL
"FUN_180002cc0"	180002cc0	"memcpy"	1800100ff	CALL
"FUN_180002cc0"	180002cc0	"FUN_18000f264"	18000f264	CALL
"FUN_180002cc0"	180002cc0	"FUN_180001650"	180001650	CALL
"FUN_180002cc0"	180002cc0	"FUN_1800015b0"	1800015b0	CALL
"FUN_180002ae0"	180002ae0	"FUN_180002cc0"	180002cc0	CALLER
"FUN_180006640"	180006640	"FUN_180002cc0"	180002cc0	CALLER
"FUN_180002050"	180002050	"FUN_18000f264"	18000f264	CALL
"FUN_180002450"	180002450	"FUN_18000eeb0"	18000eeb0	CALL
"FUN_180002450"	180002450	"memcpy"	1800100ff	CALL
"FUN_180002450"	180002450	"FUN_18000f264"	18000f264	CALL
"FUN_180002450"	180002450	"FUN_1800015b0"	1800015b0	CALL
"FUN_180002710"	180002710	"FUN_18000f264"	18000f264	CALL
"FUN_180010430"	180010430	"FUN_180002710"	180002710	CALLER
"FUN_1800104b0"	1800104b0	"FUN_180002710"	180002710	CALLER
"FUN_1800106a0"	1800106a0	"FUN_180002710"	180002710	CALLER
"FUN_1800027b0"	1800027b0	"FUN_180002650"	180002650	CALL
"FUN_1800027b0"	1800027b0	"FUN_18000f264"	18000f264	CALL
"FUN_1800031a4"	1800031a4	"FUN_1800027b0"	1800027b0	CALLER
"FUN_180002850"	180002850	"FUN_180002650"	180002650	CALL
"FUN_180002850"	180002850	"FUN_18000f264"	18000f264	CALL
"FID_conflict:~vector<CHN*___ptr64,std::allocator<CHN*___ptr64>_>"	180004320	"FUN_18000f264"	18000f264	CALL
"FUN_180004380"	180004380	"FUN_180005510"	180005510	CALL
"FUN_180004380"	180004380	"FUN_18000f264"	18000f264	CALL
"FUN_1800108d0"	1800108d0	"FUN_180004380"	180004380	CALLER
"FUN_180005510"	180005510	"FUN_18000f264"	18000f264	CALL
"FUN_180004380"	180004380	"FUN_180005510"	180005510	CALLER
"FUN_1800045d0"	1800045d0	"FUN_180005510"	180005510	CALLER
"FUN_1800047e0"	1800047e0	"FUN_180005510"	180005510	CALLER
"FUN_1800047e0"	1800047e0	"FUN_180005510"	180005510	CALLER
"FUN_180004fa0"	180004fa0	"FUN_180005510"	180005510	CALLER
"FUN_1800047e0"	1800047e0	"FUN_180005510"	180005510	CALL
"FUN_1800047e0"	1800047e0	"FUN_18000f264"	18000f264	CALL
"FUN_1800045d0"	1800045d0	"FUN_1800047e0"	1800047e0	CALLER
"FUN_180005670"	180005670	"FUN_180008840"	180008840	CALL
"FUN_180005670"	180005670	"FUN_18000f264"	18000f264	CALL
"FUN_180005670"	180005670	"__security_check_cookie"	18000ee90	CALL
"FUN_180006450"	180006450	"FUN_180005670"	180005670	CALLER
"FUN_180009800"	180009800	"FUN_18000eeb0"	18000eeb0	CALL
"FUN_180009800"	180009800	"memcpy"	1800100ff	CALL
"FUN_180009800"	180009800	"FUN_18000f264"	18000f264	CALL
"FUN_180009800"	180009800	"FUN_180001650"	180001650	CALL
"FUN_180009800"	180009800	"FUN_1800015b0"	1800015b0	CALL
"FUN_180008840"	180008840	"FUN_180009800"	180009800	CALLER
"FUN_1800057d0"	1800057d0	"FUN_18000f264"	18000f264	CALL
"FUN_180005820"	180005820	"FUN_18000f264"	18000f264	CALL
"FUN_180005820"	180005820	"__security_check_cookie"	18000ee90	CALL
"FUN_180005910"	180005910	"FUN_180005820"	180005820	CALLER
"FUN_180005bf0"	180005bf0	"FUN_180005820"	180005820	CALLER
"FUN_180005a70"	180005a70	"FUN_18000f264"	18000f264	CALL
"FUN_1800094b0"	1800094b0	"FUN_18000eeb0"	18000eeb0	CALL
"FUN_1800094b0"	1800094b0	"memcpy"	1800100ff	CALL
"FUN_1800094b0"	1800094b0	"FUN_18000f264"	18000f264	CALL
"FUN_1800094b0"	1800094b0	"FUN_180001650"	180001650	CALL
"FUN_1800094b0"	1800094b0	"FUN_1800015b0"	1800015b0	CALL
"FUN_180005c30"	180005c30	"FUN_1800094b0"	1800094b0	CALLER
"FUN_180008de0"	180008de0	"FUN_18000eeb0"	18000eeb0	CALL
"FUN_180008de0"	180008de0	"memcpy"	1800100ff	CALL
"FUN_180008de0"	180008de0	"FUN_18000f264"	18000f264	CALL
"FUN_180008de0"	180008de0	"FUN_180001650"	180001650	CALL
"FUN_180008de0"	180008de0	"FUN_1800015b0"	1800015b0	CALL
"FUN_180005eb0"	180005eb0	"FUN_180008de0"	180008de0	CALLER
"FUN_180008f70"	180008f70	"FUN_18000eeb0"	18000eeb0	CALL
"FUN_180008f70"	180008f70	"memcpy"	1800100ff	CALL
"FUN_180008f70"	180008f70	"FUN_18000f264"	18000f264	CALL
"FUN_180008f70"	180008f70	"FUN_180001650"	180001650	CALL
"FUN_180008f70"	180008f70	"FUN_1800015b0"	1800015b0	CALL
"FUN_180005eb0"	180005eb0	"FUN_180008f70"	180008f70	CALLER
"FUN_1800090d0"	1800090d0	"FUN_18000eeb0"	18000eeb0	CALL
"FUN_1800090d0"	1800090d0	"memcpy"	1800100ff	CALL
"FUN_1800090d0"	1800090d0	"FUN_18000f264"	18000f264	CALL
"FUN_1800090d0"	1800090d0	"FUN_180001650"	180001650	CALL
"FUN_1800090d0"	1800090d0	"FUN_1800015b0"	1800015b0	CALL
"FUN_180005eb0"	180005eb0	"FUN_1800090d0"	1800090d0	CALLER
"FUN_18000a2a0"	18000a2a0	"FUN_18000eeb0"	18000eeb0	CALL
"FUN_18000a2a0"	18000a2a0	"memcpy"	1800100ff	CALL
"FUN_18000a2a0"	18000a2a0	"FUN_18000f264"	18000f264	CALL
"FUN_18000a2a0"	18000a2a0	"FUN_180001650"	180001650	CALL
"FUN_18000a2a0"	18000a2a0	"FUN_1800015b0"	1800015b0	CALL
"FUN_180006190"	180006190	"FUN_18000a2a0"	18000a2a0	CALLER
"FUN_180006450"	180006450	"FUN_1800044b0"	1800044b0	CALL
"FUN_180006450"	180006450	"FUN_180005670"	180005670	CALL
"FUN_180006450"	180006450	"FUN_18000f264"	18000f264	CALL
"FUN_180006450"	180006450	"FUN_180006320"	180006320	CALL
"FUN_180006450"	180006450	"FUN_180006640"	180006640	CALL
"FUN_180006450"	180006450	"__security_check_cookie"	18000ee90	CALL
"FUN_180006bc0"	180006bc0	"FUN_180006450"	180006450	CALLER
"FUN_180006640"	180006640	"FUN_18000e89c"	18000e89c	CALL
"FUN_180006640"	180006640	"FUN_1800088e0"	1800088e0	CALL
"FUN_180006640"	180006640	"FUN_180009360"	180009360	CALL
"FUN_180006640"	180006640	"FUN_180008840"	180008840	CALL
"FUN_180006640"	180006640	"FUN_180002cc0"	180002cc0	CALL
"FUN_180006640"	180006640	"FUN_18000f264"	18000f264	CALL
"FUN_180006640"	180006640	"__security_check_cookie"	18000ee90	CALL
"FUN_180006450"	180006450	"FUN_180006640"	180006640	CALLER
"FUN_180009360"	180009360	"FUN_18000eeb0"	18000eeb0	CALL
"FUN_180009360"	180009360	"memcpy"	1800100ff	CALL
"FUN_180009360"	180009360	"FUN_18000f264"	18000f264	CALL
"FUN_180009360"	180009360	"FUN_180001650"	180001650	CALL
"FUN_180009360"	180009360	"FUN_1800015b0"	1800015b0	CALL
"FUN_180006640"	180006640	"FUN_180009360"	180009360	CALLER
"FUN_180009670"	180009670	"FUN_18000eeb0"	18000eeb0	CALL
"FUN_180009670"	180009670	"memcpy"	1800100ff	CALL
"FUN_180009670"	180009670	"memset"	18001000a	CALL
"FUN_180009670"	180009670	"FUN_18000f264"	18000f264	CALL
"FUN_180009670"	180009670	"FUN_180001650"	180001650	CALL
"FUN_180009670"	180009670	"FUN_1800015b0"	1800015b0	CALL
"FUN_1800088e0"	1800088e0	"FUN_180009670"	180009670	CALLER
"FUN_18000a140"	18000a140	"FUN_180009670"	180009670	CALLER
"FUN_1800068b0"	1800068b0	"FUN_18000f264"	18000f264	CALL
"FUN_180006a00"	180006a00	"FUN_18000f264"	18000f264	CALL
"FUN_180006db0"	180006db0	"FUN_18000e89c"	18000e89c	CALL
"FUN_180006db0"	180006db0	"FUN_180005c30"	180005c30	CALL
"FUN_180006db0"	180006db0	"FUN_180005da0"	180005da0	CALL
"FUN_180006db0"	180006db0	"FUN_180006190"	180006190	CALL
"FUN_180006db0"	180006db0	"FUN_18000f264"	18000f264	CALL
"FUN_180006db0"	180006db0	"__security_check_cookie"	18000ee90	CALL
"FUN_180006db0"	180006db0	"FUN_1800088c0"	1800088c0	CALL
"FUN_180007910"	180007910	"FUN_180006db0"	180006db0	CALLER
"FUN_180007050"	180007050	"FUN_180006fc0"	180006fc0	CALL
"FUN_180007050"	180007050	"FUN_18000f264"	18000f264	CALL
"FUN_1800070c0"	1800070c0	"FUN_18000f264"	18000f264	CALL
"FUN_1800087d0"	1800087d0	"FUN_1800070c0"	1800070c0	CALLER
"FUN_180009ca0"	180009ca0	"FUN_1800070c0"	1800070c0	CALLER
"FUN_180007170"	180007170	"FUN_18000f264"	18000f264	CALL
"FUN_180007170"	180007170	"FUN_1800087d0"	1800087d0	CALL
"FUN_1800087d0"	1800087d0	"FUN_1800070c0"	1800070c0	CALL
"FUN_1800087d0"	1800087d0	"FUN_18000f264"	18000f264	CALL
"FUN_180007170"	180007170	"FUN_1800087d0"	1800087d0	CALLER
"FUN_1800109d0"	1800109d0	"FUN_1800087d0"	1800087d0	CALLER
"FUN_18000bfb0"	18000bfb0	"FUN_18000f264"	18000f264	CALL
"FUN_18000c2c0"	18000c2c0	"FUN_18000c680"	18000c680	CALL
"FUN_18000c2c0"	18000c2c0	"FUN_18000f264"	18000f264	CALL
"FUN_18000c430"	18000c430	"FUN_18000f264"	18000f264	CALL
"FUN_18000c430"	18000c430	"free"	180010016	CALL
"FUN_18000f26c"	18000f26c	"FUN_18000f264"	18000f264	CALL
"FUN_1800108d0"	1800108d0	"FUN_18000f264"	18000f264	CALL
"FUN_1800108d0"	1800108d0	"FUN_180004380"	180004380	CALL
"FUN_180010950"	180010950	"FUN_180006fc0"	180006fc0	CALL
"FUN_180010950"	180010950	"FUN_18000f264"	18000f264	CALL
"FUN_1800109d0"	1800109d0	"FUN_18000f264"	18000f264	CALL
"FUN_1800109d0"	1800109d0	"FUN_1800087d0"	1800087d0	CALL
"FUN_180004fa0"	180004fa0	"FUN_180005510"	180005510	CALL
"FUN_180004fa0"	180004fa0	"FUN_18000f264"	18000f264	CALL
"FUN_180009ca0"	180009ca0	"FUN_1800070c0"	1800070c0	CALL
"FUN_180009ca0"	180009ca0	"FUN_18000f264"	18000f264	CALL
"FUN_180003130"	180003130	"FUN_18000f264"	18000f264	CALL
"FUN_1800092a0"	1800092a0	"memchr"	1800100f3	CALL
"FUN_1800092a0"	1800092a0	"memcmp"	1800100f9	CALL
"FUN_180007910"	180007910	"FUN_1800092a0"	1800092a0	CALLER
"FUN_1800029d0"	1800029d0	"FUN_18000e780"	18000e780	CALL
"FUN_1800029d0"	1800029d0	"__security_check_cookie"	18000ee90	CALL
"FUN_1800029d0"	1800029d0	"FUN_1800016a0"	1800016a0	CALL
"FUN_180002ae0"	180002ae0	"FUN_1800029d0"	1800029d0	CALLER
"FUN_18000eafc"	18000eafc	"__std_fs_open_handle"	18000ee24	CALL
"FUN_18000eafc"	18000eafc	"__security_check_cookie"	18000ee90	CALL
"FUN_180007910"	180007910	"FUN_18000eafc"	18000eafc	CALLER
"FUN_180008c10"	180008c10	"memset"	18001000a	CALL
"FUN_180008c10"	180008c10	"FUN_18000f340"	18000f340	CALL
"FUN_180008c10"	180008c10	"_Init_thread_footer"	18000f2d4	CALL
"FUN_180008c10"	180008c10	"__security_check_cookie"	18000ee90	CALL
"FUN_180007fa0"	180007fa0	"FUN_180008c10"	180008c10	CALLER
"FUN_18000d44c"	18000d44c	"CreateToolhelp32Snapshot"	18000e75f	CALL
"FUN_18000d44c"	18000d44c	"Thread32First"	18000e765	CALL
"FUN_18000d44c"	18000d44c	"Thread32Next"	18000e76b	CALL
"FUN_18000d44c"	18000d44c	"__security_check_cookie"	18000ee90	CALL
"FUN_18000d218"	18000d218	"FUN_18000d44c"	18000d44c	CALLER
"FUN_18000d158"	18000d158	"FUN_18000d44c"	18000d44c	CALLER
"FUN_18000d950"	18000d950	"FUN_18000d44c"	18000d44c	CALLER
"DisableAllInputs"	18000b750	"__security_check_cookie"	18000ee90	CALL
"FUN_18000c490"	18000c490	"memset"	18001000a	CALL
"FUN_18000c490"	18000c490	"FUN_18000f340"	18000f340	CALL
"FUN_18000c490"	18000c490	"_Init_thread_footer"	18000f2d4	CALL
"FUN_18000c490"	18000c490	"__security_check_cookie"	18000ee90	CALL
"FUN_18000c140"	18000c140	"FUN_18000c490"	18000c490	CALLER
"FUN_18000c1b0"	18000c1b0	"FUN_18000c680"	18000c680	CALL
"FUN_18000c1b0"	18000c1b0	"FUN_18000c9b0"	18000c9b0	CALL
"FUN_18000c1b0"	18000c1b0	"__security_check_cookie"	18000ee90	CALL
"FUN_18000c230"	18000c230	"FUN_18000c680"	18000c680	CALL
"FUN_18000c230"	18000c230	"__security_check_cookie"	18000ee90	CALL
"FUN_18000c230"	18000c230	"FUN_18000c740"	18000c740	CALL
"__GSHandlerCheckCommon"	18000f7f8	"__security_check_cookie"	18000ee90	CALL
"__GSHandlerCheck"	18000f7d8	"__GSHandlerCheckCommon"	18000f7f8	CALLER
"FID_conflict:__GSHandlerCheck_EH"	180010074	"__GSHandlerCheckCommon"	18000f7f8	CALLER
"FUN_18000f888"	18000f888	"capture_previous_context"	18000f95c	CALL
"FUN_18000f888"	18000f888	"__raise_securityfailure"	18000f854	CALL
"__security_check_cookie"	18000ee90	"FUN_18000f888"	18000f888	CALLER
"Unload"	1800085d0	"FUN_18000d8e0"	18000d8e0	CALL
"Unload"	1800085d0	"FUN_18000d950"	18000d950	CALL
"Unload"	1800085d0	"FUN_1800045d0"	1800045d0	CALL
"FUN_1800045d0"	1800045d0	"FUN_180004f10"	180004f10	CALLER
"FUN_18000fcf8"	18000fcf8	"FUN_18000fcf0"	18000fcf0	CALL
"FUN_18000fcf8"	18000fcf8	"memset"	18001000a	CALL
"FUN_18000f4d8"	18000f4d8	"FUN_18000fcf8"	18000fcf8	CALLER
"FUN_18000f5f0"	18000f5f0	"FUN_18000fcf8"	18000fcf8	CALLER
"FUN_18000f094"	18000f094	"FUN_18000fcf8"	18000fcf8	CALLER
"FUN_1800088e0"	1800088e0	"FUN_18000ea30"	18000ea30	CALL
"FUN_1800088e0"	1800088e0	"memset"	18001000a	CALL
"FUN_1800088e0"	1800088e0	"FUN_180009670"	180009670	CALL
"FUN_1800088e0"	1800088e0	"FUN_180005bf0"	180005bf0	CALL
"FUN_1800088e0"	1800088e0	"FUN_180005910"	180005910	CALL
"FUN_180006640"	180006640	"FUN_1800088e0"	1800088e0	CALLER
"FUN_180006640"	180006640	"FUN_1800088e0"	1800088e0	CALLER
"FUN_18000a140"	18000a140	"__std_fs_convert_wide_to_narrow"	18000e90c	CALL
"FUN_18000a140"	18000a140	"memset"	18001000a	CALL
"FUN_18000a140"	18000a140	"FUN_180009670"	180009670	CALL
"FUN_18000a140"	18000a140	"FUN_180005bf0"	180005bf0	CALL
"FUN_18000a140"	18000a140	"FUN_180005910"	180005910	CALL
"FUN_180007910"	180007910	"FUN_18000a140"	18000a140	CALLER
"FUN_180007910"	180007910	"FUN_18000a140"	18000a140	CALLER
"FUN_180001010"	180001010	"FUN_18000eeb0"	18000eeb0	CALL
"FUN_180001010"	180001010	"FUN_1800046a0"	1800046a0	CALL
"FUN_180001010"	180001010	"atexit"	18000f244	CALL
"FUN_180009990"	180009990	"FUN_18000a410"	18000a410	CALL
"FUN_180009990"	180009990	"FUN_18000eeb0"	18000eeb0	CALL
"FUN_180009990"	180009990	"FUN_1800044b0"	1800044b0	CALL
"FUN_180009990"	180009990	"ceilf"	180010111	CALL
"FUN_180009990"	180009990	"FUN_180009e90"	180009e90	CALL
"FUN_180009990"	180009990	"memcmp"	1800100f9	CALL
"FUN_1800011f0"	1800011f0	"FUN_180009990"	180009990	CALLER
"FUN_180001420"	180001420	"FUN_18000eeb0"	18000eeb0	CALL
"FUN_180001420"	180001420	"FUN_1800046a0"	1800046a0	CALL
"FUN_180001420"	180001420	"atexit"	18000f244	CALL
"FUN_180006320"	180006320	"FUN_18000eeb0"	18000eeb0	CALL
"FUN_180006320"	180006320	"memcpy"	1800100ff	CALL
"FUN_180006320"	180006320	"FUN_180001650"	180001650	CALL
"FUN_180006320"	180006320	"FUN_1800015b0"	1800015b0	CALL
"FUN_180006190"	180006190	"FUN_180006320"	180006320	CALLER
"FUN_180006450"	180006450	"FUN_180006320"	180006320	CALLER
"FUN_180006b30"	180006b30	"FUN_180006320"	180006320	CALLER
"FUN_180006b30"	180006b30	"FUN_180006320"	180006320	CALLER
"FUN_18000c9b0"	18000c9b0	"FUN_18000eeb0"	18000eeb0	CALL
"FUN_18000c9b0"	18000c9b0	"FUN_18000cc60"	18000cc60	CALL
"FUN_18000c1b0"	18000c1b0	"FUN_18000c9b0"	18000c9b0	CALLER
"FUN_18000c740"	18000c740	"FUN_18000eeb0"	18000eeb0	CALL
"FUN_18000c740"	18000c740	"FUN_18000cc60"	18000cc60	CALL
"FUN_18000c230"	18000c230	"FUN_18000c740"	18000c740	CALLER
"FUN_18000eeb0"	18000eeb0	"_callnewh"	180010022	CALLER
"FUN_18000eeb0"	18000eeb0	"malloc"	18001001c	CALLER
"FUN_18000f9f0"	18000f9f0	"FUN_18000f9d0"	18000f9d0	CALL
"FUN_18000f9f0"	18000f9f0	"_CxxThrowException"	180010004	CALL
"FUN_18000eeb0"	18000eeb0	"FUN_18000f9f0"	18000f9f0	CALLER
